rx_id,hcp_id,product,month,trx,nrx
1129.0,48,ProductA,2025-01-01,31.0,4.0
2545.0,107,ProductA,2025-01-01,45.0,10.0
2975.0,124,ProductB,2025-11-01,13.0,1.0
1379.0,58,ProductA,2025-11-01,43.0,10.0
944.0,40,ProductA,2025-08-01,16.0,3.0
1868.0,78,ProductB,2025-08-01,39.0,
2647.0,111,ProductA,2025-07-01,6.0,0.0
4798.0,200,ProductB,2025-10-01,17.0,3.0
2989.0,125,ProductB,2025-01-01,36.0,7.0
3376.0,141,ProductB,2025-04-01,30.0,3.0
2052.0,86,ProductA,2025-12-01,41.0,
1533.0,64,ProductB,2025-09-01,31.0,6.0
2063.0,86,ProductB,2025-11-01,,11.0
615.0,26,ProductB,2025-03-01,7.0,0.0
,71,ProductA,01/01/2025,23.0,
3592.0,150,ProductB,2025-04-01,24.0,4.0
1179.0,50,ProductA,2025-03-01,3.0,0.0
4215.0,176,ProductB,2025-03-01,32.0,4.0
4318.0,180,ProductB,10/01/2025,75.0,11.0
2384.0,100,ProductA,,21.0,3.0
534.0,23,ProductA,2025-06-01,29.0,5.0
3620.0,151,ProductB,08/01/2025,23.0,4.0
3589.0,150,ProductB,2025-01-01,25.0,4.0
2187.0,92,,2025-03-01,37.0,6.0
1044.0,44,ProductA,2025-12-01,21.0,4.0
1453.0,61,ProductB,2025-01-01,15.0,1.0
2620.0,110,ProductA,2025-04-01,25.0,5.0
4433.0,185,,2025-05-01,34.0,7.0
4647.0,194,ProductB,2025-03-01,2.0,0.0
3679.0,154,ProductA,2025-07-01,38.0,5.0
2079.0,87,ProductB,2025-03-01,37.0,5.0
805.0,34,ProductB,2025-01-01,17.0,2.0
2350.0,98,ProductB,10/01/2025,37.0,4.0
2312.0,97,ProductA,2025-08-01,37.0,3.0
1960.0,82,ProductB,2025-04-01,31.0,4.0
997.0,42,ProductB,2025-01-01,20.0,3.0
3833.0,160,ProductB,2025-05-01,43.0,7.0
2898.0,121,ProductB,2025-06-01,34.0,8.0
993.0,42,ProductA,2025-09-01,29.0,6.0
499.0,21,ProductB,2025-07-01,33.0,3.0
1809.0,76,ProductA,2025-09-01,24.0,4.0
4207.0,176,ProductA,2025-07-01,49.0,12.0
966.0,41,ProductA,2025-06-01,37.0,7.0
4791.0,200,ProductB,03/01/2025,10.0,1.0
415.0,18,,2025-07-01,26.0,2.0
2615.0,109,ProductB,2025-11-01,57.0,10.0
,190,ProductB,2025-09-01,7.0,0.0
2271.0,95,ProductB,2025-03-01,15.0,1.0
432.0,18,ProductB,2025-12-01,46.0,11.0
3469.0,145,ProductB,2025-01-01,31.0,7.0
1018.0,43,ProductA,2025-10-01,23.0,2.0
1761.0,74,ProductA,09/01/2025,55.0,7.0
26.0,2,ProductA,02/01/2025,28.0,6.0
3314.0,139,ProductA,2025-02-01,38.0,7.0
1551.0,65,ProductB,2025-03-01,37.0,4.0
973.0,41,ProductB,2025-01-01,29.0,5.0
,3,ProductA,2025-07-01,34.0,4.0
2710.0,113,ProductB,2025-10-01,28.0,6.0
2131.0,89,ProductB,2025-07-01,17.0,2.0
4738.0,198,ProductA,2025-10-01,59.0,
515.0,22,ProductA,2025-11-01,56.0,11.0
1143.0,48,ProductB,2025-03-01,42.0,4.0
2857.0,120,ProductA,2025-01-01,37.0,4.0
3607.0,151,ProductA,2025-07-01,25.0,5.0
1460.0,61,ProductB,2025-08-01,14.0,2.0
2484.0,104,ProductA,2025-12-01,15.0,2.0
4565.0,191,ProductA,2025-05-01,24.0,
3635.0,152,ProductA,11/01/2025,11.0,1.0
1001.0,42,,2025-05-01,28.0,6.0
1338.0,56,ProductB,2025-06-01,50.0,5.0
4190.0,175,ProductB,2025-02-01,19.0,
1214.0,51,ProductB,2025-02-01,,
3624.0,151,ProductB,2025-12-01,32.0,5.0
1636.0,69,ProductA,2025-04-01,29.0,6.0
,1,ProductB,2025-05-01,74.0,16.0
4052.0,169,ProductB,2025-08-01,50.0,5.0
18.0,1,,,86.0,19.0
3574.0,149,ProductB,2025-10-01,47.0,4.0
4758.0,199,ProductA,2025-06-01,35.0,8.0
3277.0,137,ProductB,2025-01-01,17.0,1.0
4032.0,168,ProductB,2025-12-01,73.0,14.0
4045.0,169,ProductB,2025-01-01,29.0,3.0
1423.0,60,ProductA,2025-07-01,61.0,10.0
2731.0,114,,2025-07-01,128.0,16.0
715.0,30,ProductB,2025-07-01,13.0,2.0
3832.0,160,ProductB,2025-04-01,38.0,6.0
4464.0,186,ProductB,2025-12-01,19.0,3.0
849.0,36,ProductA,2025-09-01,17.0,3.0
2339.0,98,ProductA,2025-11-01,51.0,10.0
666.0,28,ProductB,2025-06-01,8.0,1.0
,142,ProductA,2025-05-01,40.0,5.0
3955.0,165,ProductB,07/01/2025,,8.0
1522.0,64,ProductA,2025-10-01,5.0,1.0
4766.0,199,ProductB,2025-02-01,21.0,2.0
2522.0,106,ProductA,2025-02-01,31.0,5.0
3600.0,150,ProductB,2025-12-01,,7.0
,73,ProductB,2025-12-01,40.0,5.0
3112.0,130,ProductB,2025-04-01,,4.0
4150.0,173,ProductB,2025-10-01,37.0,7.0
4142.0,173,,2025-02-01,25.0,4.0
1950.0,82,ProductA,2025-06-01,26.0,5.0
1397.0,59,ProductA,,33.0,6.0
1988.0,83,ProductB,2025-08-01,56.0,10.0
,58,ProductA,2025-09-01,43.0,5.0
2003.0,84,ProductA,2025-11-01,9.0,1.0
3867.0,162,ProductA,2025-03-01,33.0,
3338.0,140,ProductA,2025-02-01,8.0,1.0
4023.0,168,ProductB,2025-03-01,35.0,8.0
2929.0,123,ProductA,2025-01-01,34.0,5.0
3924.0,164,ProductA,2025-12-01,5.0,0.0
3907.0,163,ProductB,07/01/2025,26.0,5.0
1601.0,67,ProductB,2025-05-01,,5.0
2923.0,122,ProductB,2025-07-01,20.0,2.0
194.0,9,ProductA,2025-02-01,20.0,3.0
2969.0,124,ProductB,2025-05-01,5.0,0.0
1066.0,45,ProductA,2025-10-01,16.0,2.0
1582.0,66,ProductB,2025-10-01,73.0,16.0
2351.0,98,ProductB,11/01/2025,43.0,5.0
4091.0,171,ProductA,2025-11-01,11.0,1.0
583.0,25,ProductA,2025-07-01,47.0,11.0
2126.0,89,ProductB,2025-02-01,17.0,3.0
3580.0,150,ProductA,2025-04-01,22.0,4.0
3364.0,141,ProductA,2025-04-01,23.0,3.0
3195.0,134,ProductA,2025-03-01,33.0,5.0
4685.0,196,ProductA,2025-05-01,32.0,5.0
4307.0,180,ProductA,2025-11-01,54.0,9.0
1176.0,49,ProductB,2025-12-01,13.0,1.0
2334.0,98,ProductA,2025-06-01,31.0,4.0
1112.0,47,ProductA,08/01/2025,33.0,4.0
,37,ProductA,2025-09-01,54.0,9.0
3986.0,167,ProductA,2025-02-01,42.0,6.0
4198.0,175,ProductB,2025-10-01,45.0,9.0
454.0,19,ProductB,2025-10-01,7.0,0.0
3213.0,134,ProductB,,46.0,9.0
662.0,28,ProductB,2025-02-01,20.0,
4459.0,186,ProductB,2025-07-01,21.0,3.0
4319.0,180,ProductB,2025-11-01,77.0,7.0
4118.0,172,ProductB,2025-02-01,18.0,3.0
4746.0,198,ProductB,06/01/2025,,
1705.0,72,ProductA,01/01/2025,53.0,5.0
464.0,20,ProductA,08/01/2025,23.0,4.0
2304.0,96,ProductB,2025-12-01,0.0,0.0
830.0,35,ProductB,2025-02-01,32.0,5.0
2337.0,98,ProductA,2025-09-01,44.0,9.0
1204.0,51,ProductA,,36.0,6.0
4234.0,177,ProductA,2025-10-01,51.0,11.0
3282.0,137,ProductB,2025-06-01,24.0,2.0
,24,,2025-01-01,17.0,2.0
675.0,29,ProductA,2025-03-01,20.0,2.0
1933.0,81,ProductB,2025-01-01,23.0,4.0
3396.0,142,ProductA,2025-12-01,56.0,7.0
,33,ProductB,2025-03-01,29.0,3.0
375.0,16,ProductB,2025-03-01,16.0,2.0
558.0,24,ProductA,06/01/2025,20.0,2.0
2336.0,98,ProductA,2025-08-01,,9.0
2932.0,123,ProductA,2025-04-01,38.0,4.0
,94,ProductB,2025-02-01,29.0,4.0
2921.0,122,ProductB,2025-05-01,19.0,3.0
1703.0,71,ProductB,2025-11-01,67.0,16.0
2236.0,94,ProductA,2025-04-01,11.0,2.0
3351.0,140,ProductB,2025-03-01,9.0,2.0
1091.0,46,ProductA,2025-11-01,25.0,4.0
511.0,22,ProductA,2025-07-01,35.0,7.0
1164.0,49,ProductA,2025-12-01,41.0,7.0
1022.0,43,ProductB,2025-02-01,15.0,3.0
1484.0,62,ProductB,2025-08-01,,8.0
965.0,41,ProductA,2025-05-01,33.0,7.0
3949.0,165,ProductB,01/01/2025,24.0,3.0
2244.0,94,ProductA,2025-12-01,4.0,0.0
1310.0,55,ProductB,02/01/2025,54.0,11.0
1023.0,43,ProductB,2025-03-01,17.0,3.0
4275.0,179,ProductA,03/01/2025,27.0,4.0
3106.0,130,ProductA,2025-10-01,28.0,5.0
1519.0,64,ProductA,2025-07-01,8.0,1.0
4321.0,181,ProductA,2025-01-01,20.0,3.0
490.0,21,ProductA,2025-10-01,21.0,3.0
2617.0,110,ProductA,2025-01-01,22.0,2.0
1365.0,57,ProductB,2025-09-01,8.0,0.0
156.0,7,ProductA,2025-12-01,70.0,14.0
4561.0,191,ProductA,2025-01-01,17.0,2.0
2502.0,105,ProductA,2025-06-01,26.0,4.0
1693.0,71,ProductB,2025-01-01,24.0,2.0
1844.0,77,ProductB,2025-08-01,30.0,4.0
4221.0,176,,2025-09-01,43.0,6.0
,69,ProductB,2025-08-01,33.0,8.0
4599.0,192,ProductB,2025-03-01,51.0,7.0
2080.0,87,ProductB,2025-04-01,42.0,5.0
2908.0,122,ProductA,2025-04-01,9.0,
2029.0,85,ProductB,2025-01-01,10.0,1.0
4450.0,186,ProductA,,26.0,3.0
2979.0,125,ProductA,2025-03-01,49.0,8.0
2840.0,119,ProductA,2025-08-01,28.0,
,115,ProductA,2025-10-01,34.0,8.0
961.0,41,ProductA,2025-01-01,26.0,3.0
,173,ProductB,2025-07-01,39.0,7.0
2760.0,115,ProductB,12/01/2025,13.0,
1799.0,75,ProductB,2025-11-01,3.0,0.0
2189.0,92,ProductA,2025-05-01,,7.0
4397.0,184,ProductA,2025-05-01,52.0,8.0
689.0,29,ProductB,2025-05-01,11.0,2.0
4100.0,171,ProductB,2025-08-01,16.0,
1941.0,81,ProductB,2025-09-01,37.0,8.0
,127,ProductA,09/01/2025,20.0,4.0
4290.0,179,ProductB,2025-06-01,11.0,1.0
1004.0,42,ProductB,08/01/2025,30.0,4.0
653.0,28,ProductA,2025-05-01,29.0,3.0
2193.0,92,ProductA,2025-09-01,41.0,4.0
4197.0,175,ProductB,2025-09-01,39.0,
2332.0,98,ProductA,2025-04-01,31.0,4.0
420.0,18,ProductA,2025-12-01,38.0,8.0
3379.0,141,ProductB,2025-07-01,34.0,4.0
3522.0,147,ProductB,2025-06-01,14.0,3.0
988.0,42,ProductA,2025-04-01,30.0,
109.0,5,ProductB,2025-01-01,21.0,3.0
1938.0,81,ProductB,2025-06-01,27.0,
,17,ProductA,2025-11-01,3.0,0.0
3336.0,139,ProductB,2025-12-01,23.0,5.0
2173.0,91,ProductB,01/01/2025,26.0,3.0
299.0,13,ProductA,2025-11-01,72.0,10.0
998.0,42,ProductB,02/01/2025,22.0,4.0
4638.0,194,ProductA,2025-06-01,2.0,0.0
2812.0,118,ProductA,2025-04-01,12.0,2.0
149.0,7,ProductA,2025-05-01,24.0,3.0
2659.0,111,ProductB,2025-07-01,10.0,2.0
1788.0,75,,2025-12-01,5.0,1.0
2709.0,113,ProductB,2025-09-01,32.0,6.0
2113.0,89,,2025-01-01,16.0,2.0
2050.0,86,ProductA,10/01/2025,40.0,6.0
2593.0,109,ProductA,2025-01-01,31.0,6.0
,19,ProductA,2025-03-01,18.0,2.0
4666.0,195,ProductA,2025-10-01,52.0,12.0
1038.0,44,ProductA,2025-06-01,25.0,4.0
1555.0,65,ProductB,2025-07-01,44.0,6.0
2799.0,117,ProductB,2025-03-01,25.0,2.0
520.0,22,ProductB,2025-04-01,26.0,5.0
451.0,19,ProductB,2025-07-01,15.0,3.0
1202.0,51,ProductA,2025-02-01,26.0,3.0
,184,ProductB,2025-01-01,25.0,4.0
,198,ProductA,2025-02-01,26.0,5.0
1347.0,57,ProductA,2025-03-01,18.0,
900.0,38,ProductA,2025-12-01,11.0,1.0
2356.0,99,ProductA,2025-04-01,33.0,3.0
867.0,37,ProductA,2025-03-01,33.0,4.0
2069.0,87,,2025-05-01,34.0,5.0
,1,ProductB,2025-01-01,38.0,5.0
949.0,40,ProductB,2025-01-01,21.0,3.0
3684.0,154,ProductA,2025-12-01,37.0,5.0
2835.0,119,ProductA,2025-03-01,37.0,5.0
3369.0,141,ProductA,2025-09-01,22.0,2.0
2398.0,100,ProductB,2025-10-01,30.0,7.0
1220.0,51,ProductB,2025-08-01,34.0,3.0
4243.0,177,ProductB,2025-07-01,,6.0
3083.0,129,ProductA,2025-11-01,35.0,3.0
4610.0,193,ProductA,2025-02-01,29.0,6.0
2744.0,115,ProductA,08/01/2025,28.0,5.0
2662.0,111,ProductB,2025-10-01,18.0,3.0
2409.0,101,ProductA,2025-09-01,16.0,2.0
1675.0,70,ProductB,2025-07-01,,3.0
3184.0,133,ProductB,2025-04-01,20.0,2.0
2291.0,96,ProductA,2025-11-01,0.0,0.0
2175.0,91,ProductB,2025-03-01,35.0,5.0
1221.0,51,ProductB,2025-09-01,37.0,6.0
2529.0,106,ProductA,2025-09-01,59.0,8.0
4188.0,175,ProductA,2025-12-01,63.0,10.0
2915.0,122,ProductA,2025-11-01,2.0,0.0
1910.0,80,ProductB,2025-02-01,0.0,0.0
3816.0,159,ProductB,2025-12-01,7.0,0.0
4606.0,192,ProductB,10/01/2025,94.0,10.0
1329.0,56,ProductA,2025-09-01,83.0,8.0
442.0,19,ProductA,2025-10-01,28.0,5.0
2497.0,105,ProductA,01/01/2025,28.0,3.0
592.0,25,ProductB,04/01/2025,23.0,3.0
1172.0,49,ProductB,2025-08-01,13.0,2.0
1257.0,53,ProductA,2025-09-01,30.0,5.0
3401.0,142,ProductB,2025-05-01,27.0,4.0
4446.0,186,ProductA,2025-06-01,25.0,5.0
2057.0,86,ProductB,2025-05-01,38.0,6.0
3918.0,164,ProductA,2025-06-01,11.0,2.0
3457.0,145,ProductA,2025-01-01,,4.0
2311.0,97,ProductA,2025-07-01,33.0,4.0
982.0,41,ProductB,2025-10-01,57.0,11.0
4073.0,170,ProductB,05/01/2025,18.0,2.0
2631.0,110,ProductB,2025-03-01,21.0,
2160.0,90,ProductB,2025-12-01,25.0,6.0
,53,ProductA,10/01/2025,31.0,4.0
2307.0,97,ProductA,03/01/2025,38.0,7.0
857.0,36,ProductB,2025-05-01,19.0,4.0
,48,ProductB,2025-11-01,46.0,5.0
3178.0,133,ProductA,2025-10-01,25.0,5.0
4449.0,186,ProductA,2025-09-01,26.0,5.0
1186.0,50,ProductA,2025-10-01,4.0,0.0
1692.0,71,ProductA,2025-12-01,39.0,6.0
2110.0,88,ProductB,10/01/2025,61.0,8.0
1355.0,57,ProductA,,19.0,4.0
,26,ProductB,2025-10-01,27.0,3.0
3432.0,143,ProductB,2025-12-01,0.0,0.0
198.0,9,ProductA,06/01/2025,21.0,5.0
127.0,6,ProductA,2025-07-01,33.0,4.0
4597.0,192,ProductB,2025-01-01,44.0,
213.0,9,,2025-09-01,35.0,8.0
,74,ProductA,2025-12-01,70.0,9.0
3790.0,158,ProductB,2025-10-01,55.0,8.0
537.0,23,ProductA,2025-09-01,36.0,8.0
4658.0,195,ProductA,2025-02-01,23.0,3.0
716.0,30,ProductB,2025-08-01,13.0,3.0
2686.0,112,ProductB,2025-10-01,32.0,3.0
,68,ProductB,2025-06-01,46.0,8.0
1704.0,71,ProductB,2025-12-01,80.0,18.0
686.0,29,ProductB,2025-02-01,21.0,2.0
2999.0,125,ProductB,2025-11-01,81.0,19.0
4202.0,176,ProductA,2025-02-01,24.0,5.0
1335.0,56,ProductB,2025-03-01,45.0,9.0
4465.0,187,ProductA,2025-01-01,,4.0
2379.0,100,ProductA,2025-03-01,21.0,2.0
2618.0,110,ProductA,2025-02-01,,2.0
843.0,36,ProductA,2025-03-01,9.0,1.0
3342.0,140,ProductA,2025-06-01,,1.0
3823.0,160,,2025-07-01,31.0,5.0
2642.0,111,ProductA,2025-02-01,8.0,1.0
,131,ProductA,2025-11-01,0.0,0.0
274.0,12,ProductA,2025-10-01,22.0,3.0
3533.0,148,ProductA,2025-05-01,9.0,1.0
1881.0,79,ProductA,2025-09-01,28.0,3.0
2737.0,115,ProductA,2025-01-01,20.0,2.0
,4,ProductA,07/01/2025,62.0,8.0
,87,ProductB,2025-07-01,61.0,12.0
1002.0,42,ProductB,2025-06-01,32.0,3.0
3887.0,162,ProductB,2025-11-01,64.0,11.0
3801.0,159,ProductA,,11.0,
3930.0,164,ProductB,2025-06-01,12.0,1.0
777.0,33,ProductA,,68.0,13.0
4037.0,169,ProductA,2025-05-01,20.0,2.0
1434.0,60,ProductB,2025-06-01,66.0,6.0
1181.0,50,ProductA,2025-05-01,0.0,
4533.0,189,ProductB,2025-09-01,1.0,0.0
3729.0,156,ProductA,2025-09-01,37.0,
430.0,18,ProductB,2025-10-01,47.0,5.0
,102,ProductB,2025-02-01,12.0,2.0
2979.0,125,ProductA,2025-03-01,49.0,8.0
3377.0,141,ProductB,2025-05-01,33.0,5.0
2209.0,93,ProductA,2025-01-01,14.0,1.0
1218.0,51,ProductB,2025-06-01,,5.0
4162.0,174,ProductA,10/01/2025,39.0,6.0
1235.0,52,ProductA,2025-11-01,36.0,4.0
1035.0,44,ProductA,2025-03-01,11.0,1.0
903.0,38,ProductB,2025-03-01,0.0,0.0
2787.0,117,ProductA,2025-03-01,,6.0
1880.0,79,ProductA,08/01/2025,29.0,5.0
3463.0,145,ProductA,07/01/2025,26.0,5.0
4158.0,174,ProductA,2025-06-01,26.0,3.0
3550.0,148,ProductB,2025-10-01,8.0,1.0
4608.0,192,ProductB,2025-12-01,116.0,16.0
835.0,35,ProductB,07/01/2025,67.0,16.0
2729.0,114,ProductB,2025-05-01,95.0,21.0
2570.0,108,ProductA,2025-02-01,43.0,6.0
4777.0,200,ProductA,2025-01-01,16.0,1.0
4585.0,192,ProductA,2025-01-01,39.0,4.0
1086.0,46,ProductA,2025-06-01,19.0,2.0
2573.0,108,,05/01/2025,49.0,10.0
4222.0,176,ProductB,2025-10-01,48.0,
,170,ProductA,2025-08-01,23.0,4.0
4625.0,193,ProductB,05/01/2025,21.0,4.0
3254.0,136,ProductB,2025-02-01,50.0,12.0
246.0,11,ProductA,2025-06-01,26.0,5.0
1666.0,70,ProductA,2025-10-01,20.0,4.0
1304.0,55,ProductA,2025-08-01,,16.0
4662.0,195,ProductA,2025-06-01,43.0,6.0
4419.0,185,ProductA,2025-03-01,29.0,3.0
2107.0,88,ProductB,07/01/2025,47.0,5.0
4650.0,194,ProductB,2025-06-01,0.0,0.0
4451.0,186,ProductA,2025-11-01,27.0,4.0
4111.0,172,ProductA,2025-07-01,14.0,3.0
976.0,41,ProductB,2025-04-01,40.0,6.0
2520.0,105,ProductB,2025-12-01,31.0,4.0
459.0,20,ProductA,2025-03-01,18.0,2.0
1650.0,69,ProductB,2025-06-01,29.0,3.0
4780.0,200,ProductA,2025-04-01,20.0,3.0
2316.0,97,ProductA,2025-12-01,50.0,8.0
3985.0,167,ProductA,2025-01-01,37.0,8.0
43.0,2,ProductB,2025-07-01,43.0,6.0
4563.0,191,ProductA,03/01/2025,15.0,3.0
384.0,16,ProductB,12/01/2025,17.0,4.0
3235.0,135,ProductB,2025-07-01,26.0,3.0
4378.0,183,ProductA,2025-10-01,16.0,3.0
2720.0,114,ProductA,08/01/2025,170.0,29.0
986.0,42,ProductA,2025-02-01,28.0,6.0
385.0,17,ProductA,2025-01-01,12.0,1.0
1595.0,67,ProductA,2025-11-01,61.0,14.0
4114.0,172,ProductA,2025-10-01,19.0,2.0
4199.0,175,ProductB,,47.0,5.0
3085.0,129,ProductB,2025-01-01,19.0,2.0
3888.0,162,ProductB,2025-12-01,66.0,6.0
316.0,14,ProductA,04/01/2025,0.0,0.0
4377.0,183,ProductA,2025-09-01,18.0,2.0
4779.0,200,ProductA,2025-03-01,16.0,3.0
1686.0,71,ProductA,2025-06-01,29.0,5.0
,84,ProductA,2025-07-01,14.0,1.0
3670.0,153,ProductB,2025-10-01,19.0,2.0
1216.0,51,ProductB,2025-04-01,33.0,7.0
4530.0,189,ProductB,2025-06-01,7.0,1.0
4062.0,170,,2025-06-01,20.0,3.0
262.0,11,ProductB,2025-10-01,26.0,3.0
3782.0,158,ProductB,2025-02-01,41.0,9.0
3489.0,146,,2025-09-01,57.0,13.0
500.0,21,ProductB,2025-08-01,33.0,4.0
3343.0,140,ProductA,2025-07-01,12.0,2.0
,180,ProductB,2025-01-01,45.0,10.0
2555.0,107,ProductA,2025-11-01,119.0,17.0
311.0,13,ProductB,2025-11-01,35.0,6.0
3424.0,143,ProductB,2025-04-01,3.0,0.0
4076.0,170,ProductB,2025-08-01,14.0,1.0
2217.0,93,ProductA,2025-09-01,8.0,
3813.0,159,ProductB,2025-09-01,13.0,3.0
498.0,21,ProductB,2025-06-01,32.0,4.0
3609.0,151,ProductA,2025-09-01,24.0,3.0
,21,ProductB,2025-02-01,27.0,4.0
2468.0,103,ProductB,2025-08-01,28.0,5.0
1610.0,68,,2025-02-01,47.0,10.0
147.0,7,ProductA,2025-03-01,25.0,5.0
3846.0,161,ProductA,2025-06-01,31.0,3.0
1898.0,80,ProductA,2025-02-01,2.0,0.0
3979.0,166,ProductB,2025-07-01,28.0,3.0
167.0,7,,2025-11-01,63.0,9.0
3219.0,135,ProductA,2025-03-01,17.0,2.0
3441.0,144,ProductA,2025-09-01,33.0,6.0
754.0,32,ProductA,2025-10-01,96.0,17.0
2448.0,102,ProductB,2025-12-01,27.0,5.0
1311.0,55,ProductB,2025-03-01,55.0,6.0
2646.0,111,ProductA,2025-06-01,4.0,0.0
2562.0,107,ProductB,2025-06-01,108.0,26.0
2783.0,116,ProductB,2025-11-01,55.0,7.0
707.0,30,ProductA,2025-11-01,11.0,1.0
1009.0,43,ProductA,2025-01-01,17.0,4.0
3511.0,147,ProductA,2025-07-01,9.0,2.0
2396.0,100,ProductB,08/01/2025,29.0,5.0
146.0,7,ProductA,2025-02-01,24.0,4.0
3554.0,149,ProductA,,39.0,9.0
1596.0,67,ProductA,12/01/2025,61.0,12.0
2788.0,117,ProductA,2025-04-01,33.0,5.0
1648.0,69,ProductB,2025-04-01,29.0,5.0
2149.0,90,ProductB,2025-01-01,27.0,4.0
825.0,35,ProductA,2025-09-01,44.0,8.0
1298.0,55,ProductA,2025-02-01,41.0,7.0
414.0,18,ProductA,,25.0,5.0
3983.0,166,ProductB,2025-11-01,42.0,4.0
4711.0,197,ProductA,2025-07-01,38.0,4.0
846.0,36,ProductA,2025-06-01,14.0,2.0
2790.0,117,ProductA,06/01/2025,35.0,5.0
,114,ProductA,2025-03-01,80.0,
4670.0,195,ProductB,2025-02-01,36.0,7.0
2706.0,113,ProductB,,10.0,2.0
3981.0,166,ProductB,2025-09-01,32.0,4.0
1444.0,61,ProductA,2025-04-01,19.0,2.0
2211.0,93,ProductA,2025-03-01,12.0,1.0
1296.0,54,ProductB,2025-12-01,59.0,7.0
,78,ProductA,2025-12-01,52.0,6.0
1540.0,65,ProductA,2025-04-01,46.0,9.0
2210.0,93,ProductA,2025-02-01,11.0,2.0
481.0,21,ProductA,2025-01-01,24.0,3.0
4115.0,172,ProductA,2025-11-01,19.0,2.0
85.0,4,,2025-01-01,35.0,6.0
3520.0,147,ProductB,2025-04-01,16.0,2.0
440.0,19,,2025-08-01,,5.0
3015.0,126,ProductB,2025-03-01,50.0,8.0
2047.0,86,ProductA,2025-07-01,33.0,7.0
2661.0,111,ProductB,2025-09-01,13.0,2.0
3903.0,163,ProductB,2025-03-01,34.0,4.0
2785.0,117,ProductA,2025-01-01,25.0,5.0
,67,,08/01/2025,40.0,9.0
2373.0,99,ProductB,2025-09-01,70.0,14.0
728.0,31,ProductA,2025-08-01,17.0,2.0
2122.0,89,ProductA,,28.0,5.0
110.0,5,ProductB,2025-02-01,20.0,3.0
477.0,20,,2025-09-01,,0.0
8.0,1,ProductA,08/01/2025,79.0,12.0
3578.0,150,ProductA,2025-02-01,18.0,2.0
552.0,23,ProductB,2025-12-01,29.0,4.0
2520.0,105,ProductB,2025-12-01,31.0,4.0
4160.0,174,ProductA,2025-08-01,30.0,5.0
1989.0,83,ProductB,2025-09-01,62.0,9.0
161.0,7,ProductB,05/01/2025,29.0,3.0
3358.0,140,ProductB,2025-10-01,23.0,4.0
2765.0,116,,2025-05-01,27.0,3.0
651.0,28,ProductA,2025-03-01,20.0,4.0
,189,ProductA,2025-05-01,4.0,0.0
4187.0,175,ProductA,2025-11-01,52.0,6.0
3283.0,137,ProductB,07/01/2025,25.0,4.0
1399.0,59,ProductA,2025-07-01,35.0,7.0
1528.0,64,ProductB,2025-04-01,16.0,2.0
569.0,24,ProductB,05/01/2025,24.0,2.0
3849.0,161,ProductA,2025-09-01,41.0,8.0
625.0,27,,2025-01-01,15.0,3.0
3122.0,131,ProductA,2025-02-01,2.0,0.0
4416.0,184,ProductB,2025-12-01,100.0,22.0
3285.0,137,ProductB,2025-09-01,26.0,2.0
1060.0,45,ProductA,2025-04-01,5.0,0.0
2431.0,102,ProductA,2025-07-01,20.0,2.0
1874.0,79,ProductA,2025-02-01,16.0,1.0
3200.0,134,ProductA,2025-08-01,43.0,4.0
583.0,25,ProductA,2025-07-01,47.0,11.0
2257.0,95,ProductA,2025-01-01,15.0,1.0
3165.0,132,ProductB,2025-09-01,18.0,
2846.0,119,ProductB,2025-02-01,28.0,2.0
3435.0,144,ProductA,2025-03-01,,6.0
3103.0,130,ProductA,2025-07-01,21.0,3.0
3438.0,144,ProductA,2025-06-01,27.0,5.0
640.0,27,ProductB,2025-04-01,,0.0
1756.0,74,ProductA,2025-04-01,40.0,8.0
3937.0,165,ProductA,2025-01-01,29.0,5.0
1521.0,64,ProductA,2025-09-01,8.0,1.0
3723.0,156,ProductA,2025-03-01,12.0,1.0
4616.0,193,ProductA,2025-08-01,23.0,4.0
1433.0,60,ProductB,2025-05-01,66.0,12.0
3153.0,132,,2025-09-01,33.0,
1266.0,53,ProductB,2025-06-01,12.0,2.0
901.0,38,ProductB,2025-01-01,2.0,0.0
3259.0,136,ProductB,2025-07-01,82.0,13.0
3751.0,157,ProductA,2025-07-01,46.0,9.0
368.0,16,ProductA,2025-08-01,30.0,3.0
2768.0,116,ProductA,2025-08-01,27.0,5.0
,45,ProductA,2025-02-01,7.0,0.0
1254.0,53,,2025-06-01,21.0,4.0
748.0,32,ProductA,2025-04-01,53.0,11.0
3381.0,141,ProductB,2025-09-01,,4.0
4538.0,190,ProductA,2025-02-01,4.0,0.0
1249.0,53,ProductA,2025-01-01,18.0,2.0
4661.0,195,ProductA,2025-05-01,36.0,
1517.0,64,ProductA,2025-05-01,13.0,2.0
347.0,15,ProductA,2025-11-01,4.0,0.0
3316.0,139,ProductA,2025-04-01,49.0,8.0
1795.0,75,ProductB,2025-07-01,1.0,0.0
4117.0,172,ProductB,2025-01-01,13.0,1.0
927.0,39,ProductB,2025-03-01,16.0,3.0
2096.0,88,ProductA,2025-08-01,38.0,6.0
1669.0,70,ProductB,2025-01-01,13.0,1.0
3936.0,164,ProductB,2025-12-01,12.0,2.0
4230.0,177,ProductA,2025-06-01,39.0,6.0
270.0,12,ProductA,2025-06-01,20.0,3.0
3284.0,137,,2025-08-01,,5.0
2609.0,109,ProductB,2025-05-01,44.0,9.0
3167.0,132,ProductB,2025-11-01,19.0,3.0
1922.0,81,ProductA,2025-02-01,20.0,3.0
4700.0,196,ProductB,2025-08-01,35.0,7.0
3941.0,165,ProductA,2025-05-01,32.0,6.0
33.0,2,ProductA,2025-09-01,51.0,10.0
1996.0,84,ProductA,2025-04-01,21.0,3.0
2157.0,90,ProductB,2025-09-01,25.0,3.0
547.0,23,ProductB,,38.0,5.0
3583.0,150,ProductA,2025-07-01,24.0,2.0
4722.0,197,ProductB,2025-06-01,17.0,3.0
2622.0,110,ProductA,2025-06-01,32.0,7.0
2372.0,99,ProductB,2025-08-01,60.0,10.0
2132.0,89,ProductB,2025-08-01,13.0,3.0
4179.0,175,ProductA,2025-03-01,37.0,6.0
3886.0,162,ProductB,10/01/2025,59.0,7.0
3250.0,136,ProductA,2025-10-01,60.0,13.0
3762.0,157,ProductB,2025-06-01,36.0,8.0
4460.0,186,ProductB,2025-08-01,24.0,3.0
1422.0,60,ProductA,2025-06-01,59.0,13.0
4264.0,178,ProductB,2025-04-01,41.0,7.0
95.0,4,ProductB,2025-11-01,84.0,11.0
4342.0,181,ProductB,2025-10-01,46.0,8.0
3734.0,156,ProductB,2025-02-01,13.0,1.0
1523.0,64,ProductA,2025-11-01,3.0,0.0
2152.0,90,ProductB,2025-04-01,28.0,3.0
3882.0,162,ProductB,2025-06-01,52.0,5.0
2728.0,114,ProductB,2025-04-01,77.0,
3829.0,160,ProductB,2025-01-01,35.0,7.0
3629.0,152,ProductA,2025-05-01,4.0,0.0
4248.0,177,ProductB,2025-12-01,51.0,6.0
3731.0,156,ProductA,2025-11-01,44.0,5.0
3486.0,146,ProductA,2025-06-01,57.0,11.0
120.0,5,ProductB,2025-12-01,15.0,2.0
3477.0,145,ProductB,2025-09-01,27.0,2.0
1839.0,77,ProductB,2025-03-01,35.0,4.0
3982.0,166,ProductB,10/01/2025,39.0,5.0
3880.0,162,ProductB,2025-04-01,,6.0
3969.0,166,ProductA,2025-09-01,20.0,4.0
,196,ProductA,2025-06-01,35.0,3.0
3019.0,126,ProductB,2025-07-01,82.0,8.0
3883.0,162,ProductB,2025-07-01,48.0,9.0
,139,ProductB,2025-04-01,34.0,4.0
598.0,25,ProductB,,38.0,8.0
104.0,5,ProductA,2025-08-01,3.0,0.0
3548.0,148,ProductB,2025-08-01,1.0,0.0
1725.0,72,ProductB,2025-09-01,122.0,13.0
2258.0,95,ProductA,2025-02-01,15.0,3.0
2421.0,101,ProductB,2025-09-01,4.0,0.0
2683.0,112,ProductB,2025-07-01,36.0,8.0
446.0,19,ProductB,2025-02-01,12.0,1.0
3089.0,129,ProductB,2025-05-01,30.0,4.0
1548.0,65,ProductA,2025-12-01,84.0,15.0
1639.0,69,ProductA,2025-07-01,33.0,3.0
891.0,38,ProductA,2025-03-01,0.0,0.0
4573.0,191,ProductB,2025-01-01,15.0,2.0
894.0,38,ProductA,2025-06-01,5.0,0.0
2761.0,116,ProductA,2025-01-01,20.0,2.0
2956.0,124,ProductA,2025-04-01,15.0,1.0
887.0,37,ProductB,2025-11-01,41.0,
3134.0,131,ProductB,2025-02-01,0.0,0.0
,68,ProductA,2025-08-01,56.0,9.0
,130,ProductB,,25.0,5.0
108.0,5,ProductA,2025-12-01,5.0,1.0
1955.0,82,ProductA,2025-11-01,,
312.0,13,ProductB,2025-12-01,44.0,7.0
3627.0,152,ProductA,03/01/2025,12.0,2.0
4157.0,174,ProductA,2025-05-01,19.0,2.0
1265.0,53,ProductB,05/01/2025,16.0,2.0
584.0,25,ProductA,2025-08-01,,
2910.0,122,ProductA,2025-06-01,3.0,0.0
2856.0,119,,2025-12-01,41.0,6.0
4227.0,177,ProductA,2025-03-01,31.0,4.0
1724.0,72,ProductB,2025-08-01,103.0,19.0
3967.0,166,ProductA,2025-07-01,18.0,4.0
1790.0,75,ProductB,02/01/2025,1.0,0.0
2543.0,106,ProductB,2025-11-01,41.0,6.0
3062.0,128,ProductB,2025-02-01,,2.0
1376.0,58,ProductA,2025-08-01,37.0,6.0
4090.0,171,ProductA,2025-10-01,13.0,2.0
2820.0,118,ProductA,2025-12-01,49.0,9.0
827.0,35,ProductA,2025-11-01,52.0,11.0
1155.0,49,ProductA,2025-03-01,26.0,4.0
4044.0,169,ProductA,2025-12-01,29.0,4.0
1234.0,52,ProductA,2025-10-01,32.0,4.0
4395.0,184,ProductA,2025-03-01,40.0,7.0
2419.0,101,ProductB,2025-07-01,7.0,0.0
2381.0,100,ProductA,2025-05-01,25.0,4.0
1564.0,66,ProductA,2025-04-01,,
607.0,26,ProductA,2025-07-01,22.0,2.0
4603.0,192,ProductB,07/01/2025,80.0,8.0
4099.0,171,ProductB,07/01/2025,22.0,2.0
1003.0,42,ProductB,2025-07-01,30.0,3.0
4213.0,176,ProductB,01/01/2025,26.0,2.0
3182.0,133,ProductB,2025-02-01,15.0,3.0
3697.0,155,ProductA,,,
2973.0,124,ProductB,2025-09-01,11.0,1.0
1736.0,73,ProductA,2025-08-01,10.0,1.0
2859.0,120,ProductA,2025-03-01,34.0,6.0
2563.0,107,ProductB,2025-07-01,110.0,15.0
,176,,2025-04-01,34.0,
4749.0,198,ProductB,2025-09-01,17.0,3.0
671.0,28,ProductB,2025-11-01,15.0,2.0
,181,ProductB,2025-02-01,29.0,5.0
3193.0,134,ProductA,2025-01-01,27.0,3.0
4752.0,198,ProductB,12/01/2025,25.0,2.0
4760.0,199,ProductA,2025-08-01,48.0,9.0
4463.0,186,ProductB,2025-11-01,19.0,3.0
1608.0,67,ProductB,12/01/2025,55.0,11.0
4327.0,181,ProductA,2025-07-01,36.0,7.0
62.0,3,ProductB,2025-02-01,31.0,7.0
1288.0,54,ProductB,2025-04-01,37.0,7.0
730.0,31,ProductA,2025-10-01,13.0,2.0
2524.0,106,ProductA,2025-04-01,42.0,8.0
63.0,3,ProductB,2025-03-01,28.0,4.0
3076.0,129,ProductA,2025-04-01,23.0,3.0
1943.0,81,ProductB,11/01/2025,41.0,7.0
1593.0,67,,,51.0,12.0
3387.0,142,ProductA,2025-03-01,29.0,6.0
3216.0,134,ProductB,2025-12-01,48.0,7.0
2805.0,117,ProductB,2025-09-01,31.0,4.0
2559.0,107,ProductB,2025-03-01,64.0,
297.0,13,ProductA,2025-09-01,62.0,8.0
2658.0,111,ProductB,2025-06-01,11.0,1.0
,127,,2025-03-01,10.0,2.0
681.0,29,ProductA,2025-09-01,17.0,3.0
3442.0,144,ProductA,2025-10-01,,5.0
2442.0,102,ProductB,2025-06-01,18.0,4.0
2091.0,88,ProductA,03/01/2025,29.0,5.0
907.0,38,ProductB,07/01/2025,0.0,0.0
936.0,39,ProductB,2025-12-01,2.0,0.0
996.0,42,ProductA,2025-12-01,28.0,6.0
,4,ProductA,2025-03-01,48.0,8.0
3181.0,133,ProductB,2025-01-01,12.0,1.0
4488.0,187,ProductB,2025-12-01,30.0,7.0
1263.0,53,ProductB,2025-03-01,15.0,1.0
2558.0,107,ProductB,2025-02-01,63.0,12.0
,162,,2025-02-01,31.0,4.0
2330.0,98,ProductA,2025-02-01,36.0,8.0
3350.0,140,ProductB,2025-02-01,13.0,2.0
4204.0,176,ProductA,2025-04-01,35.0,6.0
3232.0,135,ProductB,2025-04-01,23.0,5.0
2463.0,103,ProductB,2025-03-01,20.0,4.0
1958.0,82,ProductB,2025-02-01,23.0,3.0
1513.0,64,ProductA,2025-01-01,12.0,1.0
,153,ProductA,2025-11-01,45.0,5.0
,111,ProductA,2025-04-01,7.0,
2712.0,113,ProductB,2025-12-01,24.0,3.0
908.0,38,ProductB,2025-08-01,0.0,0.0
1264.0,53,ProductB,2025-04-01,20.0,4.0
4144.0,173,ProductB,2025-04-01,28.0,6.0
4400.0,184,ProductA,2025-08-01,77.0,10.0
702.0,30,ProductA,2025-06-01,17.0,3.0
409.0,18,ProductA,2025-01-01,32.0,6.0
850.0,36,,2025-10-01,19.0,4.0
2087.0,87,ProductB,2025-11-01,77.0,14.0
1493.0,63,ProductA,05/01/2025,11.0,1.0
2490.0,104,ProductB,2025-06-01,0.0,0.0
4527.0,189,ProductB,2025-03-01,6.0,0.0
4351.0,182,ProductA,2025-07-01,17.0,2.0
1124.0,47,ProductB,2025-08-01,50.0,10.0
1408.0,59,ProductB,2025-04-01,34.0,7.0
87.0,4,ProductB,2025-03-01,44.0,10.0
3652.0,153,ProductA,2025-04-01,29.0,7.0
3956.0,165,ProductB,2025-08-01,40.0,7.0
2899.0,121,ProductB,2025-07-01,32.0,3.0
4618.0,193,ProductA,2025-10-01,24.0,5.0
3080.0,129,ProductA,2025-08-01,39.0,7.0
2183.0,91,ProductB,2025-11-01,47.0,11.0
925.0,39,ProductB,01/01/2025,11.0,1.0
3057.0,128,ProductA,09/01/2025,12.0,
2793.0,117,,2025-09-01,37.0,7.0
4532.0,189,ProductB,2025-08-01,5.0,0.0
1049.0,44,ProductB,2025-05-01,14.0,2.0
,109,ProductB,01/01/2025,38.0,5.0
1171.0,49,ProductB,2025-07-01,10.0,1.0
2034.0,85,ProductB,2025-06-01,5.0,0.0
406.0,17,ProductB,2025-10-01,28.0,5.0
4261.0,178,ProductB,2025-01-01,24.0,4.0
747.0,32,ProductA,2025-03-01,,8.0
1120.0,47,ProductB,2025-04-01,36.0,6.0
3566.0,149,ProductB,2025-02-01,39.0,8.0
4733.0,198,ProductA,2025-05-01,32.0,6.0
2495.0,104,ProductB,2025-11-01,7.0,0.0
3975.0,166,ProductB,03/01/2025,25.0,
4212.0,176,ProductA,2025-12-01,83.0,11.0
2897.0,121,ProductB,2025-05-01,36.0,3.0
1747.0,73,ProductB,2025-07-01,34.0,4.0
32.0,2,ProductA,2025-08-01,48.0,7.0
3844.0,161,ProductA,2025-04-01,29.0,6.0
,193,ProductB,2025-07-01,28.0,3.0
2358.0,99,ProductA,06/01/2025,36.0,7.0
2804.0,117,ProductB,2025-08-01,28.0,6.0
4387.0,183,ProductB,2025-07-01,,1.0
2668.0,112,ProductA,2025-04-01,38.0,5.0
78.0,4,ProductA,06/01/2025,65.0,10.0
4171.0,174,ProductB,,30.0,4.0
3895.0,163,ProductA,2025-07-01,38.0,7.0
1930.0,81,,2025-10-01,26.0,3.0
946.0,40,ProductA,10/01/2025,15.0,2.0
565.0,24,ProductB,2025-01-01,11.0,1.0
1985.0,83,ProductB,2025-05-01,42.0,7.0
3138.0,131,ProductB,2025-06-01,,0.0
3117.0,130,ProductB,2025-09-01,22.0,3.0
1101.0,46,ProductB,09/01/2025,,1.0
2019.0,85,ProductA,,12.0,1.0
4359.0,182,ProductB,2025-03-01,13.0,2.0
3547.0,148,ProductB,2025-07-01,4.0,0.0
2012.0,84,ProductB,2025-08-01,0.0,0.0
1315.0,55,ProductB,2025-07-01,96.0,12.0
,35,ProductB,2025-04-01,38.0,5.0
2611.0,109,ProductB,07/01/2025,40.0,5.0
3714.0,155,ProductB,2025-06-01,48.0,9.0
2188.0,92,ProductA,2025-04-01,36.0,7.0
888.0,37,ProductB,2025-12-01,50.0,7.0
1236.0,52,ProductA,2025-12-01,38.0,7.0
2156.0,90,ProductB,2025-08-01,32.0,6.0
1326.0,56,ProductA,2025-06-01,56.0,6.0
1576.0,66,ProductB,2025-04-01,51.0,11.0
3611.0,151,ProductA,2025-11-01,25.0,4.0
1369.0,58,ProductA,2025-01-01,32.0,4.0
,166,ProductA,10/01/2025,20.0,2.0
3074.0,129,ProductA,2025-02-01,24.0,3.0
2383.0,100,ProductA,,23.0,4.0
,193,ProductB,2025-10-01,26.0,2.0
130.0,6,ProductA,2025-10-01,,5.0
3768.0,157,ProductB,2025-12-01,30.0,5.0
1180.0,50,ProductA,04/01/2025,2.0,0.0
1272.0,53,ProductB,2025-12-01,22.0,2.0
3715.0,155,ProductB,2025-07-01,46.0,6.0
2973.0,124,ProductB,2025-09-01,11.0,1.0
1353.0,57,ProductA,09/01/2025,27.0,3.0
527.0,22,ProductB,2025-11-01,23.0,4.0
2098.0,88,ProductA,2025-10-01,32.0,5.0
3480.0,145,ProductB,2025-12-01,,3.0
,191,ProductA,2025-02-01,15.0,1.0
3188.0,133,ProductB,2025-08-01,29.0,6.0
863.0,36,ProductB,2025-11-01,14.0,
444.0,19,ProductA,2025-12-01,24.0,4.0
535.0,23,ProductA,2025-07-01,33.0,6.0
461.0,20,ProductA,2025-05-01,23.0,3.0
492.0,21,ProductA,2025-12-01,28.0,4.0
1924.0,81,ProductA,2025-04-01,17.0,3.0
1567.0,66,ProductA,2025-07-01,50.0,6.0
4346.0,182,ProductA,2025-02-01,6.0,1.0
2369.0,99,ProductB,2025-05-01,47.0,10.0
1050.0,44,ProductB,2025-06-01,,1.0
1500.0,63,ProductA,2025-12-01,,1.0
2133.0,89,ProductB,2025-09-01,15.0,3.0
3873.0,162,ProductA,2025-09-01,59.0,12.0
3042.0,127,ProductB,2025-06-01,1.0,0.0
,19,ProductB,2025-12-01,5.0,1.0
1560.0,65,ProductB,2025-12-01,63.0,6.0
2219.0,93,ProductA,2025-11-01,10.0,1.0
4799.0,200,ProductB,2025-11-01,18.0,2.0
389.0,17,ProductA,2025-05-01,15.0,2.0
3262.0,136,ProductB,2025-10-01,85.0,
977.0,41,ProductB,2025-05-01,38.0,5.0
3207.0,134,ProductB,2025-03-01,32.0,3.0
4659.0,195,ProductA,2025-03-01,31.0,3.0
3289.0,138,ProductA,2025-01-01,19.0,2.0
1543.0,65,ProductA,2025-07-01,52.0,9.0
2287.0,96,ProductA,2025-07-01,3.0,0.0
2934.0,123,,2025-06-01,45.0,10.0
2802.0,117,ProductB,2025-06-01,28.0,5.0
3210.0,134,ProductB,2025-06-01,,5.0
4143.0,173,ProductB,,19.0,2.0
3391.0,142,ProductA,2025-07-01,52.0,11.0
2902.0,121,ProductB,2025-10-01,41.0,6.0
2360.0,99,ProductA,2025-08-01,38.0,9.0
737.0,31,ProductB,2025-05-01,,1.0
197.0,9,ProductA,2025-05-01,19.0,4.0
4544.0,190,ProductA,2025-08-01,0.0,0.0
1136.0,48,ProductA,2025-08-01,41.0,6.0
1946.0,82,ProductA,2025-02-01,25.0,2.0
1785.0,75,ProductA,,9.0,1.0
2753.0,115,ProductB,2025-05-01,13.0,2.0
2453.0,103,ProductA,2025-05-01,24.0,5.0
1507.0,63,ProductB,2025-07-01,16.0,3.0
27.0,2,ProductA,2025-03-01,29.0,6.0
2528.0,106,ProductA,2025-08-01,50.0,8.0
4339.0,181,ProductB,07/01/2025,36.0,4.0
574.0,24,ProductB,2025-10-01,19.0,4.0
224.0,10,ProductA,2025-08-01,25.0,3.0
3831.0,160,ProductB,2025-03-01,39.0,6.0
4613.0,193,ProductA,05/01/2025,25.0,3.0
,76,ProductA,2025-08-01,25.0,
3990.0,167,ProductA,2025-06-01,32.0,5.0
278.0,12,ProductB,,7.0,
313.0,14,ProductA,2025-01-01,0.0,0.0
2142.0,90,ProductA,2025-06-01,28.0,5.0
4784.0,200,ProductA,2025-08-01,21.0,2.0
254.0,11,ProductB,2025-02-01,11.0,2.0
3656.0,153,ProductA,,,3.0
1237.0,52,ProductB,2025-01-01,19.0,2.0
4014.0,168,ProductA,2025-06-01,61.0,11.0
1371.0,58,ProductA,2025-03-01,37.0,8.0
4590.0,192,ProductA,2025-06-01,62.0,11.0
3639.0,152,ProductB,2025-03-01,29.0,5.0
1388.0,58,ProductB,08/01/2025,16.0,2.0
3590.0,150,ProductB,2025-02-01,29.0,5.0
2242.0,94,ProductA,10/01/2025,6.0,0.0
2700.0,113,ProductA,12/01/2025,45.0,4.0
4105.0,172,ProductA,01/01/2025,16.0,3.0
4702.0,196,ProductB,2025-10-01,26.0,4.0
1668.0,70,,2025-12-01,14.0,2.0
462.0,20,ProductA,2025-06-01,26.0,4.0
1356.0,57,ProductA,2025-12-01,25.0,5.0
398.0,17,ProductB,02/01/2025,21.0,5.0
1299.0,55,ProductA,2025-03-01,46.0,6.0
4337.0,181,ProductB,2025-05-01,,5.0
,93,ProductA,2025-04-01,13.0,1.0
3513.0,147,ProductA,2025-09-01,7.0,1.0
3588.0,150,ProductA,2025-12-01,29.0,4.0
688.0,29,ProductB,2025-04-01,,2.0
2202.0,92,ProductB,2025-06-01,49.0,9.0
1664.0,70,ProductA,2025-08-01,21.0,4.0
1334.0,56,ProductB,,40.0,5.0
559.0,24,ProductA,2025-07-01,22.0,4.0
1750.0,73,ProductB,2025-10-01,41.0,8.0
1802.0,76,ProductA,2025-02-01,22.0,4.0
866.0,37,ProductA,2025-02-01,33.0,7.0
59.0,3,ProductA,2025-11-01,39.0,9.0
,9,ProductB,,36.0,7.0
,48,ProductB,2025-11-01,46.0,5.0
3330.0,139,ProductB,,28.0,5.0
852.0,36,ProductA,2025-12-01,19.0,4.0
2774.0,116,ProductB,2025-02-01,28.0,6.0
3247.0,136,ProductA,2025-07-01,57.0,14.0
1293.0,54,ProductB,2025-09-01,55.0,5.0
2818.0,118,,2025-10-01,32.0,5.0
664.0,28,ProductB,2025-04-01,20.0,4.0
1244.0,52,ProductB,2025-08-01,23.0,5.0
1888.0,79,ProductB,2025-04-01,22.0,
1630.0,68,ProductB,2025-10-01,55.0,10.0
4788.0,200,ProductA,2025-12-01,23.0,2.0
3373.0,141,ProductB,2025-01-01,22.0,3.0
3933.0,164,ProductB,2025-09-01,4.0,0.0
3133.0,131,ProductB,2025-01-01,1.0,0.0
4200.0,175,ProductB,2025-12-01,49.0,7.0
4427.0,185,ProductA,2025-11-01,66.0,15.0
,193,ProductB,2025-08-01,30.0,3.0
3348.0,140,ProductA,2025-12-01,,0.0
645.0,27,ProductB,,3.0,0.0
2101.0,88,ProductB,2025-01-01,31.0,5.0
154.0,7,,2025-10-01,62.0,7.0
723.0,31,ProductA,2025-03-01,8.0,1.0
1168.0,49,ProductB,2025-04-01,12.0,2.0
3444.0,144,ProductA,2025-12-01,36.0,6.0
4621.0,193,ProductB,2025-01-01,30.0,4.0
3887.0,162,ProductB,2025-11-01,64.0,11.0
3189.0,133,ProductB,09/01/2025,26.0,3.0
2344.0,98,ProductB,04/01/2025,28.0,3.0
1737.0,73,ProductA,2025-09-01,12.0,1.0
2180.0,91,ProductB,2025-08-01,40.0,9.0
930.0,39,ProductB,2025-06-01,10.0,
3632.0,152,ProductA,2025-08-01,6.0,1.0
2723.0,114,ProductA,2025-11-01,230.0,38.0
2040.0,85,ProductB,2025-12-01,9.0,2.0
4668.0,195,ProductA,2025-12-01,80.0,8.0
2343.0,98,ProductB,2025-03-01,29.0,4.0
3013.0,126,ProductB,2025-01-01,43.0,9.0
1276.0,54,ProductA,,27.0,3.0
2493.0,104,ProductB,2025-09-01,5.0,0.0
3102.0,130,ProductA,2025-06-01,20.0,4.0
952.0,40,ProductB,2025-04-01,20.0,2.0
2446.0,102,ProductB,2025-10-01,25.0,5.0
3915.0,164,ProductA,2025-03-01,10.0,2.0
4474.0,187,ProductA,2025-10-01,22.0,5.0
3464.0,145,ProductA,2025-08-01,27.0,3.0
3111.0,130,ProductB,2025-03-01,23.0,4.0
4085.0,171,ProductA,2025-05-01,13.0,1.0
3449.0,144,ProductB,05/01/2025,28.0,3.0
2338.0,98,ProductA,10/01/2025,40.0,5.0
3236.0,135,ProductB,2025-08-01,,4.0
668.0,28,ProductB,2025-08-01,13.0,2.0
519.0,22,ProductB,03/01/2025,25.0,3.0
70.0,3,ProductB,2025-10-01,39.0,9.0
269.0,12,ProductA,,20.0,3.0
1300.0,55,ProductA,2025-04-01,54.0,5.0
1759.0,74,ProductA,2025-07-01,49.0,9.0
516.0,22,ProductA,2025-12-01,54.0,10.0
3581.0,150,ProductA,2025-05-01,26.0,5.0
362.0,16,ProductA,2025-02-01,21.0,5.0
3565.0,149,ProductB,2025-01-01,38.0,8.0
601.0,26,ProductA,01/01/2025,21.0,4.0
482.0,21,ProductA,,16.0,2.0
323.0,14,ProductA,2025-11-01,1.0,0.0
,67,ProductA,03/01/2025,26.0,4.0
4129.0,173,ProductA,2025-01-01,17.0,2.0
2416.0,101,ProductB,2025-04-01,4.0,0.0
720.0,30,ProductB,2025-12-01,5.0,0.0
4033.0,169,ProductA,2025-01-01,24.0,4.0
1542.0,65,ProductA,2025-06-01,50.0,9.0
4430.0,185,ProductB,02/01/2025,27.0,3.0
2256.0,94,ProductB,2025-12-01,39.0,9.0
2077.0,87,ProductB,2025-01-01,29.0,4.0
1107.0,47,ProductA,03/01/2025,25.0,5.0
379.0,16,ProductB,2025-07-01,9.0,1.0
3769.0,158,ProductA,2025-01-01,26.0,4.0
3162.0,132,ProductB,2025-06-01,17.0,2.0
10.0,1,ProductA,2025-10-01,106.0,25.0
1115.0,47,ProductA,2025-11-01,46.0,9.0
2796.0,117,ProductA,2025-12-01,45.0,4.0
2447.0,102,ProductB,2025-11-01,30.0,4.0
4180.0,175,ProductA,2025-04-01,36.0,8.0
2983.0,125,ProductA,07/01/2025,63.0,8.0
2839.0,119,ProductA,2025-07-01,35.0,3.0
2560.0,107,ProductB,2025-04-01,74.0,10.0
470.0,20,ProductB,2025-02-01,13.0,1.0
1268.0,53,ProductB,2025-08-01,14.0,3.0
2226.0,93,,06/01/2025,36.0,4.0
3114.0,130,ProductB,2025-06-01,23.0,3.0
3881.0,162,ProductB,2025-05-01,51.0,
1965.0,82,ProductB,2025-09-01,51.0,8.0
4417.0,185,ProductA,2025-01-01,27.0,4.0
4796.0,200,ProductB,2025-08-01,9.0,2.0
4237.0,177,ProductB,2025-01-01,27.0,3.0
709.0,30,ProductB,2025-01-01,11.0,1.0
300.0,13,ProductA,2025-12-01,83.0,13.0
1697.0,71,,2025-05-01,37.0,8.0
2906.0,122,ProductA,2025-02-01,10.0,1.0
1102.0,46,ProductB,2025-10-01,9.0,2.0
4577.0,191,ProductB,2025-05-01,22.0,3.0
732.0,31,ProductA,2025-12-01,9.0,1.0
3004.0,126,ProductA,2025-04-01,84.0,13.0
325.0,14,ProductB,2025-01-01,5.0,0.0
2575.0,108,ProductA,2025-07-01,,10.0
3674.0,154,ProductA,2025-02-01,24.0,3.0
4391.0,183,ProductB,2025-11-01,14.0,2.0
2030.0,85,ProductB,2025-02-01,12.0,2.0
1739.0,73,ProductA,11/01/2025,8.0,1.0
4439.0,185,ProductB,11/01/2025,56.0,12.0
2472.0,103,ProductB,2025-12-01,40.0,8.0
3374.0,141,ProductB,2025-02-01,28.0,3.0
1478.0,62,ProductB,2025-02-01,25.0,4.0
2466.0,103,ProductB,2025-06-01,27.0,
4699.0,196,ProductB,2025-07-01,31.0,5.0
113.0,5,ProductB,2025-05-01,22.0,4.0
1819.0,76,,2025-07-01,38.0,8.0
3904.0,163,ProductB,2025-04-01,37.0,
3791.0,158,ProductB,11/01/2025,57.0,10.0
4652.0,194,ProductB,2025-08-01,0.0,0.0
2234.0,94,ProductA,2025-02-01,15.0,3.0
3717.0,155,ProductB,2025-09-01,41.0,10.0
2076.0,87,ProductA,2025-12-01,43.0,5.0
948.0,40,ProductA,2025-12-01,20.0,4.0
4028.0,168,ProductB,2025-08-01,42.0,9.0
2650.0,111,ProductA,2025-10-01,4.0,
1056.0,44,ProductB,12/01/2025,21.0,4.0
2551.0,107,,07/01/2025,71.0,13.0
,162,,2025-01-01,37.0,5.0
,33,ProductA,2025-06-01,40.0,4.0
1517.0,64,ProductA,2025-05-01,13.0,2.0
3084.0,129,,2025-12-01,39.0,6.0
,49,ProductA,2025-01-01,21.0,3.0
4624.0,193,ProductB,2025-04-01,28.0,2.0
4757.0,199,ProductA,05/01/2025,32.0,3.0
3100.0,130,ProductA,2025-04-01,16.0,1.0
,68,ProductB,2025-11-01,52.0,6.0
2324.0,97,ProductB,,22.0,3.0
2402.0,101,ProductA,02/01/2025,11.0,2.0
1784.0,75,ProductA,2025-08-01,9.0,1.0
2166.0,91,ProductA,2025-06-01,29.0,3.0
306.0,13,ProductB,2025-06-01,22.0,3.0
2232.0,93,ProductB,2025-12-01,44.0,9.0
4552.0,190,ProductB,04/01/2025,14.0,1.0
4088.0,171,ProductA,2025-08-01,11.0,
691.0,29,ProductB,2025-07-01,16.0,1.0
2736.0,114,ProductB,2025-12-01,216.0,40.0
3532.0,148,ProductA,2025-04-01,9.0,1.0
954.0,40,ProductB,2025-06-01,24.0,4.0
1062.0,45,ProductA,2025-06-01,9.0,2.0
3475.0,145,ProductB,2025-07-01,,
3473.0,145,ProductB,2025-05-01,37.0,5.0
480.0,20,ProductB,12/01/2025,3.0,0.0
1908.0,80,ProductA,2025-12-01,2.0,0.0
357.0,15,ProductB,2025-09-01,17.0,3.0
2380.0,100,ProductA,2025-04-01,24.0,4.0
354.0,15,ProductB,2025-06-01,9.0,1.0
3767.0,157,ProductB,11/01/2025,25.0,
1660.0,70,ProductA,2025-04-01,17.0,3.0
4678.0,195,ProductB,2025-10-01,66.0,
2628.0,110,ProductA,2025-12-01,39.0,4.0
2885.0,121,ProductA,2025-05-01,39.0,7.0
157.0,7,ProductB,2025-01-01,32.0,7.0
3934.0,164,ProductB,2025-10-01,6.0,1.0
1032.0,43,ProductB,12/01/2025,35.0,3.0
3860.0,161,ProductB,2025-08-01,12.0,2.0
2432.0,102,ProductA,2025-08-01,23.0,3.0
3260.0,136,ProductB,2025-08-01,86.0,11.0
1100.0,46,ProductB,,10.0,
1314.0,55,ProductB,2025-06-01,85.0,8.0
1638.0,69,ProductA,2025-06-01,,7.0
1497.0,63,,2025-09-01,6.0,1.0
2154.0,90,ProductB,2025-06-01,29.0,3.0
218.0,10,ProductA,2025-02-01,20.0,3.0
2816.0,118,ProductA,2025-08-01,28.0,6.0
2205.0,92,ProductB,2025-09-01,54.0,7.0
3301.0,138,ProductB,2025-01-01,19.0,2.0
3653.0,153,ProductA,2025-05-01,25.0,5.0
3089.0,129,ProductB,2025-05-01,30.0,4.0
2115.0,89,ProductA,2025-03-01,13.0,2.0
4228.0,177,ProductA,2025-04-01,33.0,3.0
972.0,41,ProductA,,32.0,6.0
4070.0,170,ProductB,,10.0,1.0
4096.0,171,ProductB,2025-04-01,21.0,3.0
2602.0,109,ProductA,2025-10-01,35.0,3.0
1828.0,77,ProductA,2025-04-01,,8.0
2666.0,112,ProductA,2025-02-01,28.0,4.0
328.0,14,ProductB,2025-04-01,9.0,1.0
1708.0,72,ProductA,2025-04-01,,8.0
1574.0,66,ProductB,2025-02-01,48.0,
932.0,39,ProductB,2025-08-01,1.0,0.0
1909.0,80,ProductB,2025-01-01,0.0,0.0
856.0,36,ProductB,2025-04-01,,4.0
4581.0,191,ProductB,2025-09-01,36.0,7.0
3462.0,145,ProductA,2025-06-01,30.0,5.0
3211.0,134,ProductB,2025-07-01,44.0,
3912.0,163,ProductB,2025-12-01,26.0,3.0
,45,ProductB,2025-11-01,14.0,1.0
2945.0,123,ProductB,2025-05-01,,3.0
3508.0,147,ProductA,2025-04-01,12.0,1.0
,167,ProductB,2025-05-01,49.0,11.0
3504.0,146,ProductB,2025-12-01,37.0,7.0
3805.0,159,ProductB,2025-01-01,12.0,2.0
3688.0,154,ProductB,2025-04-01,34.0,
4002.0,167,ProductB,2025-06-01,46.0,9.0
234.0,10,ProductB,2025-06-01,32.0,
2439.0,102,ProductB,2025-03-01,19.0,3.0
3315.0,139,ProductA,2025-03-01,42.0,9.0
3960.0,165,ProductB,2025-12-01,49.0,6.0
4326.0,181,ProductA,06/01/2025,32.0,6.0
2985.0,125,ProductA,2025-09-01,72.0,10.0
1687.0,71,ProductA,2025-07-01,26.0,3.0
4247.0,177,ProductB,11/01/2025,53.0,5.0
1683.0,71,ProductA,2025-03-01,17.0,1.0
439.0,19,ProductA,2025-07-01,26.0,
2082.0,87,ProductB,2025-06-01,50.0,8.0
,102,ProductA,2025-04-01,17.0,2.0
2849.0,119,ProductB,2025-05-01,35.0,6.0
3965.0,166,ProductA,2025-05-01,22.0,3.0
3157.0,132,ProductB,2025-01-01,27.0,2.0
1642.0,69,ProductA,2025-10-01,,3.0
1012.0,43,ProductA,2025-04-01,21.0,
4727.0,197,ProductB,2025-11-01,19.0,3.0
3003.0,126,ProductA,2025-03-01,72.0,7.0
1728.0,72,ProductB,2025-12-01,135.0,
3395.0,142,ProductA,,53.0,9.0
425.0,18,ProductB,2025-05-01,31.0,3.0
3537.0,148,ProductA,2025-09-01,10.0,2.0
160.0,7,ProductB,2025-04-01,30.0,4.0
1449.0,61,ProductA,2025-09-01,25.0,
3474.0,145,ProductB,06/01/2025,38.0,8.0
,119,ProductB,2025-11-01,48.0,11.0
2321.0,97,ProductB,2025-05-01,31.0,5.0
3821.0,160,ProductA,2025-05-01,30.0,6.0
276.0,12,ProductA,2025-12-01,27.0,5.0
1212.0,51,ProductA,2025-12-01,19.0,2.0
3853.0,161,ProductB,01/01/2025,14.0,2.0
291.0,13,ProductA,2025-03-01,20.0,
2726.0,114,ProductB,2025-02-01,62.0,14.0
1993.0,84,ProductA,2025-01-01,16.0,1.0
4697.0,196,ProductB,2025-05-01,34.0,5.0
1906.0,80,ProductA,2025-10-01,1.0,0.0
3800.0,159,ProductA,08/01/2025,8.0,1.0
3270.0,137,ProductA,2025-06-01,31.0,7.0
882.0,37,ProductB,2025-06-01,22.0,3.0
3101.0,130,ProductA,2025-05-01,17.0,4.0
589.0,25,ProductB,2025-01-01,22.0,2.0
1651.0,69,ProductB,2025-07-01,32.0,3.0
2677.0,112,ProductB,2025-01-01,24.0,5.0
3910.0,163,ProductB,10/01/2025,18.0,4.0
,85,ProductA,2025-09-01,28.0,5.0
4765.0,199,ProductB,2025-01-01,20.0,3.0
1964.0,82,ProductB,2025-08-01,45.0,
1716.0,72,ProductA,2025-12-01,160.0,21.0
3130.0,131,ProductA,2025-10-01,4.0,0.0
2935.0,123,ProductA,2025-07-01,47.0,6.0
3370.0,141,ProductA,2025-10-01,24.0,5.0
452.0,19,ProductB,2025-08-01,9.0,1.0
145.0,7,ProductA,2025-01-01,23.0,5.0
1194.0,50,ProductB,2025-06-01,0.0,
795.0,34,ProductA,2025-03-01,13.0,2.0
3223.0,135,ProductA,2025-07-01,21.0,3.0
91.0,4,ProductB,07/01/2025,65.0,12.0
4569.0,191,ProductA,09/01/2025,25.0,4.0
3822.0,160,ProductA,2025-06-01,30.0,6.0
,165,ProductA,2025-04-01,31.0,4.0
,69,ProductB,2025-09-01,35.0,7.0
1325.0,56,ProductA,2025-05-01,54.0,10.0
2976.0,124,ProductB,2025-12-01,9.0,1.0
3549.0,148,ProductB,2025-09-01,5.0,1.0
831.0,35,ProductB,2025-03-01,34.0,3.0
447.0,19,ProductB,2025-03-01,12.0,
4058.0,170,ProductA,2025-02-01,10.0,1.0
1503.0,63,ProductB,2025-03-01,23.0,4.0
1073.0,45,,2025-05-01,13.0,3.0
2233.0,94,ProductA,2025-01-01,13.0,1.0
4454.0,186,ProductB,2025-02-01,23.0,5.0
1036.0,44,ProductA,2025-04-01,11.0,2.0
1514.0,64,ProductA,2025-02-01,9.0,2.0
3001.0,126,ProductA,2025-01-01,57.0,6.0
4087.0,171,ProductA,2025-07-01,14.0,2.0
2763.0,116,ProductA,2025-03-01,23.0,5.0
3230.0,135,ProductB,2025-02-01,22.0,5.0
4773.0,199,ProductB,2025-09-01,24.0,5.0
4310.0,180,ProductB,2025-02-01,46.0,10.0
2540.0,106,ProductB,2025-08-01,35.0,4.0
2896.0,121,ProductB,2025-04-01,33.0,3.0
1221.0,51,ProductB,2025-09-01,37.0,6.0
2699.0,113,ProductA,2025-11-01,44.0,8.0
2458.0,103,ProductA,2025-10-01,19.0,3.0
174.0,8,,2025-06-01,62.0,6.0
1179.0,50,ProductA,2025-03-01,3.0,0.0
392.0,17,ProductA,2025-08-01,9.0,1.0
1678.0,70,ProductB,2025-10-01,21.0,3.0
3586.0,150,ProductA,2025-10-01,17.0,4.0
629.0,27,ProductA,2025-05-01,15.0,2.0
4693.0,196,ProductB,2025-01-01,22.0,4.0
3234.0,135,ProductB,2025-06-01,26.0,3.0
1142.0,48,ProductB,2025-02-01,43.0,9.0
674.0,29,ProductA,,17.0,3.0
1919.0,80,ProductB,2025-11-01,0.0,0.0
616.0,26,ProductB,2025-04-01,11.0,2.0
2535.0,106,ProductB,2025-03-01,25.0,
1144.0,48,ProductB,2025-04-01,43.0,8.0
,17,ProductA,2025-12-01,7.0,1.0
1305.0,55,ProductA,2025-09-01,100.0,17.0
4619.0,193,ProductA,2025-11-01,27.0,3.0
,126,ProductA,2025-06-01,90.0,17.0
2930.0,123,ProductA,2025-02-01,34.0,5.0
328.0,14,ProductB,2025-04-01,9.0,1.0
2511.0,105,ProductB,2025-03-01,35.0,4.0
3914.0,164,ProductA,,16.0,3.0
1859.0,78,ProductA,11/01/2025,55.0,13.0
2606.0,109,ProductB,2025-02-01,48.0,
1478.0,62,ProductB,2025-02-01,25.0,4.0
4167.0,174,ProductB,2025-03-01,32.0,7.0
501.0,21,ProductB,2025-09-01,42.0,6.0
2893.0,121,ProductB,2025-01-01,28.0,4.0
,23,ProductA,2025-08-01,32.0,4.0
,73,ProductB,2025-08-01,37.0,5.0
4259.0,178,ProductA,2025-11-01,116.0,13.0
1850.0,78,ProductA,2025-02-01,24.0,2.0
1558.0,65,ProductB,2025-10-01,48.0,9.0
4398.0,184,ProductA,2025-06-01,60.0,14.0
1994.0,84,ProductA,2025-02-01,13.0,1.0
4266.0,178,ProductB,06/01/2025,,8.0
,161,ProductA,11/01/2025,40.0,4.0
4578.0,191,ProductB,06/01/2025,23.0,5.0
2705.0,113,ProductB,2025-05-01,14.0,1.0
1440.0,60,ProductB,2025-12-01,87.0,18.0
3579.0,150,ProductA,2025-03-01,22.0,3.0
2925.0,122,ProductB,2025-09-01,21.0,2.0
,117,ProductB,02/01/2025,25.0,5.0
1673.0,70,ProductB,2025-05-01,20.0,4.0
3437.0,144,ProductA,2025-05-01,32.0,7.0
4470.0,187,ProductA,2025-06-01,22.0,5.0
2036.0,85,ProductB,2025-08-01,,1.0
2347.0,98,ProductB,2025-07-01,24.0,5.0
304.0,13,ProductB,2025-04-01,,2.0
2591.0,108,ProductB,2025-11-01,,16.0
3088.0,129,ProductB,2025-04-01,26.0,5.0
1200.0,50,ProductB,12/01/2025,16.0,3.0
3237.0,135,ProductB,2025-09-01,30.0,7.0
2595.0,109,ProductA,2025-03-01,34.0,4.0
402.0,17,ProductB,2025-06-01,20.0,2.0
4095.0,171,ProductB,2025-03-01,16.0,1.0
279.0,12,,2025-03-01,5.0,0.0
225.0,10,,2025-09-01,32.0,7.0
3287.0,137,ProductB,2025-11-01,26.0,3.0
2713.0,114,ProductA,01/01/2025,69.0,6.0
1786.0,75,ProductA,2025-10-01,11.0,1.0
1108.0,47,ProductA,2025-04-01,21.0,2.0
3747.0,157,ProductA,2025-03-01,40.0,7.0
2527.0,106,ProductA,2025-07-01,49.0,11.0
2593.0,109,ProductA,2025-01-01,31.0,6.0
,102,ProductB,2025-02-01,12.0,2.0
60.0,3,ProductA,,32.0,4.0
865.0,37,ProductA,2025-01-01,28.0,4.0
4093.0,171,ProductB,2025-01-01,,2.0
1094.0,46,ProductB,2025-02-01,11.0,1.0
3526.0,147,ProductB,2025-10-01,17.0,2.0
3615.0,151,ProductB,2025-03-01,28.0,4.0
614.0,26,ProductB,2025-02-01,12.0,1.0
3994.0,167,ProductA,2025-10-01,37.0,6.0
701.0,30,ProductA,05/01/2025,17.0,1.0
2275.0,95,ProductB,2025-07-01,12.0,1.0
3070.0,128,ProductB,2025-10-01,13.0,1.0
4153.0,174,ProductA,2025-01-01,20.0,4.0
3799.0,159,ProductA,2025-07-01,11.0,1.0
2433.0,102,ProductA,2025-09-01,25.0,3.0
3476.0,145,ProductB,2025-08-01,34.0,5.0
1774.0,74,ProductB,2025-10-01,36.0,3.0
1634.0,69,ProductA,2025-02-01,37.0,5.0
4800.0,200,ProductB,2025-12-01,26.0,5.0
1130.0,48,ProductA,02/01/2025,34.0,7.0
2956.0,124,ProductA,2025-04-01,15.0,1.0
828.0,35,ProductA,2025-12-01,61.0,
4263.0,178,ProductB,2025-03-01,34.0,4.0
892.0,38,ProductA,2025-04-01,0.0,0.0
4679.0,195,,2025-11-01,76.0,10.0
3737.0,156,ProductB,2025-05-01,15.0,1.0
1876.0,79,ProductA,04/01/2025,17.0,3.0
3868.0,162,ProductA,2025-04-01,39.0,7.0
1793.0,75,ProductB,,2.0,0.0
2038.0,85,ProductB,2025-10-01,8.0,1.0
3819.0,160,ProductA,2025-03-01,29.0,6.0
3596.0,150,ProductB,2025-08-01,29.0,4.0
305.0,13,ProductB,2025-05-01,26.0,6.0
,166,ProductA,2025-03-01,20.0,2.0
2158.0,90,ProductB,2025-10-01,23.0,3.0
2962.0,124,ProductA,2025-10-01,14.0,2.0
2619.0,110,ProductA,2025-03-01,26.0,2.0
3390.0,142,ProductA,06/01/2025,45.0,5.0
4513.0,189,ProductA,01/01/2025,18.0,3.0
3784.0,158,ProductB,2025-04-01,37.0,8.0
2361.0,99,ProductA,2025-09-01,40.0,7.0
4534.0,189,ProductB,,5.0,1.0
150.0,7,ProductA,2025-06-01,34.0,8.0
3431.0,143,ProductB,2025-11-01,0.0,0.0
233.0,10,ProductB,2025-05-01,,5.0
,68,ProductB,2025-08-01,51.0,9.0
3779.0,158,ProductA,2025-11-01,44.0,5.0
2481.0,104,ProductA,2025-09-01,19.0,3.0
4185.0,175,ProductA,2025-09-01,47.0,6.0
2437.0,102,ProductB,2025-01-01,11.0,1.0
3007.0,126,ProductA,2025-07-01,105.0,21.0
4537.0,190,ProductA,2025-01-01,5.0,0.0
3876.0,162,ProductA,2025-12-01,62.0,10.0
2682.0,112,ProductB,06/01/2025,30.0,5.0
4753.0,199,ProductA,2025-01-01,29.0,5.0
753.0,32,ProductA,2025-09-01,80.0,10.0
1375.0,58,ProductA,2025-07-01,30.0,6.0
2203.0,92,ProductB,2025-07-01,51.0,8.0
,21,ProductA,2025-08-01,21.0,2.0
692.0,29,ProductB,08/01/2025,15.0,2.0
1886.0,79,ProductB,2025-02-01,22.0,2.0
476.0,20,ProductB,2025-08-01,2.0,0.0
727.0,31,ProductA,2025-07-01,13.0,2.0
,197,ProductB,,19.0,4.0
1385.0,58,ProductB,2025-05-01,11.0,1.0
3865.0,162,ProductA,2025-01-01,25.0,5.0
4660.0,195,ProductA,2025-04-01,,8.0
3576.0,149,ProductB,,61.0,8.0
1034.0,44,ProductA,2025-02-01,14.0,1.0
2903.0,121,ProductB,2025-11-01,35.0,7.0
4003.0,167,ProductB,2025-07-01,49.0,10.0
2124.0,89,ProductA,2025-12-01,25.0,6.0
3384.0,141,ProductB,2025-12-01,42.0,7.0
3012.0,126,ProductA,2025-12-01,153.0,18.0
,47,ProductB,2025-12-01,71.0,14.0
4005.0,167,ProductB,09/01/2025,56.0,13.0
2817.0,118,ProductA,2025-09-01,29.0,3.0
334.0,14,ProductB,2025-10-01,7.0,1.0
,11,ProductA,2025-01-01,14.0,2.0
1562.0,66,ProductA,2025-02-01,38.0,5.0
3917.0,164,ProductA,2025-05-01,10.0,1.0
2169.0,91,ProductA,2025-09-01,30.0,4.0
4050.0,169,ProductB,2025-06-01,51.0,11.0
3708.0,155,ProductA,2025-12-01,46.0,11.0
1937.0,81,ProductB,2025-05-01,25.0,5.0
2227.0,93,ProductB,2025-07-01,34.0,3.0
2853.0,119,ProductB,2025-09-01,36.0,5.0
2517.0,105,ProductB,2025-09-01,34.0,5.0
3414.0,143,ProductA,2025-06-01,14.0,2.0
2495.0,104,ProductB,2025-11-01,7.0,0.0
1311.0,55,ProductB,2025-03-01,55.0,6.0
4783.0,200,ProductA,2025-07-01,21.0,4.0
2374.0,99,ProductB,2025-10-01,68.0,15.0
1555.0,65,ProductB,2025-07-01,44.0,6.0
2880.0,120,ProductB,2025-12-01,54.0,9.0
4774.0,199,ProductB,2025-10-01,28.0,5.0
1894.0,79,ProductB,10/01/2025,30.0,4.0
180.0,8,ProductA,2025-12-01,124.0,25.0
564.0,24,ProductA,,25.0,5.0
1787.0,75,ProductA,11/01/2025,,0.0
3409.0,143,ProductA,2025-01-01,14.0,3.0
2186.0,92,ProductA,2025-02-01,31.0,7.0
3964.0,166,ProductA,2025-04-01,18.0,3.0
1525.0,64,ProductB,2025-01-01,15.0,2.0
1047.0,44,,2025-03-01,12.0,1.0
,194,ProductA,2025-05-01,0.0,0.0
,71,ProductA,2025-04-01,19.0,4.0
4442.0,186,ProductA,2025-02-01,,3.0
2838.0,119,ProductA,2025-06-01,34.0,4.0
2565.0,107,ProductB,,137.0,18.0
,90,ProductA,05/01/2025,24.0,4.0
4031.0,168,ProductB,2025-11-01,61.0,9.0
1156.0,49,ProductA,2025-04-01,24.0,4.0
1201.0,51,ProductA,2025-01-01,27.0,5.0
295.0,13,ProductA,2025-07-01,43.0,9.0
860.0,36,ProductB,2025-08-01,20.0,
600.0,25,ProductB,2025-12-01,43.0,6.0
4776.0,199,ProductB,2025-12-01,35.0,4.0
2928.0,122,ProductB,12/01/2025,,2.0
2607.0,109,ProductB,2025-03-01,47.0,10.0
3755.0,157,ProductA,11/01/2025,55.0,13.0
3203.0,134,ProductA,2025-11-01,40.0,8.0
530.0,23,ProductA,,28.0,6.0
800.0,34,ProductA,2025-08-01,13.0,1.0
,188,ProductB,04/01/2025,26.0,5.0
230.0,10,ProductB,2025-02-01,29.0,6.0
1183.0,50,ProductA,2025-07-01,0.0,0.0
595.0,25,ProductB,2025-07-01,35.0,8.0
2772.0,116,ProductA,2025-12-01,31.0,4.0
1744.0,73,ProductB,2025-04-01,23.0,4.0
617.0,26,ProductB,2025-05-01,9.0,1.0
4382.0,183,ProductB,2025-02-01,8.0,1.0
191.0,8,,2025-11-01,57.0,12.0
1358.0,57,ProductB,2025-02-01,15.0,1.0
2920.0,122,ProductB,04/01/2025,19.0,4.0
1008.0,42,ProductB,2025-12-01,30.0,3.0
1553.0,65,ProductB,2025-05-01,40.0,4.0
1717.0,72,ProductB,2025-01-01,55.0,12.0
4089.0,171,ProductA,2025-09-01,10.0,1.0
1438.0,60,ProductB,10/01/2025,,14.0
2564.0,107,ProductB,2025-08-01,123.0,13.0
881.0,37,ProductB,2025-05-01,17.0,4.0
1285.0,54,ProductB,2025-01-01,29.0,4.0
2946.0,123,ProductB,2025-06-01,20.0,2.0
4654.0,194,ProductB,2025-10-01,3.0,0.0
,155,ProductA,07/01/2025,36.0,7.0
962.0,41,ProductA,2025-02-01,31.0,
3132.0,131,ProductA,2025-12-01,2.0,0.0
2876.0,120,ProductB,2025-08-01,46.0,9.0
4528.0,189,ProductB,04/01/2025,5.0,0.0
2653.0,111,ProductB,2025-01-01,3.0,0.0
885.0,37,ProductB,2025-09-01,33.0,6.0
3190.0,133,ProductB,,27.0,2.0
3293.0,138,ProductA,2025-05-01,14.0,
40.0,2,ProductB,2025-04-01,31.0,5.0
1014.0,43,ProductA,2025-06-01,22.0,3.0
3140.0,131,ProductB,2025-08-01,0.0,0.0
4443.0,186,ProductA,2025-03-01,22.0,2.0
4119.0,172,ProductB,2025-03-01,17.0,2.0
1590.0,67,ProductA,2025-06-01,36.0,7.0
1096.0,46,ProductB,2025-04-01,14.0,2.0
2235.0,94,ProductA,2025-03-01,16.0,1.0
1702.0,71,ProductB,2025-10-01,55.0,12.0
2354.0,99,ProductA,2025-02-01,26.0,5.0
372.0,16,ProductA,2025-12-01,19.0,4.0
3453.0,144,ProductB,2025-09-01,27.0,6.0
1816.0,76,,2025-04-01,36.0,5.0
2171.0,91,ProductA,2025-11-01,,6.0
4540.0,190,ProductA,2025-04-01,4.0,0.0
1028.0,43,ProductB,,30.0,5.0
3340.0,140,ProductA,2025-04-01,5.0,0.0
613.0,26,ProductB,2025-01-01,17.0,1.0
3843.0,161,ProductA,2025-03-01,25.0,4.0
549.0,23,ProductB,2025-09-01,40.0,8.0
226.0,10,ProductA,2025-10-01,33.0,5.0
4174.0,174,ProductB,2025-10-01,27.0,3.0
597.0,25,ProductB,2025-09-01,40.0,9.0
44.0,2,ProductB,2025-08-01,44.0,4.0
4015.0,168,ProductA,2025-07-01,62.0,10.0
3124.0,131,ProductA,2025-04-01,0.0,0.0
1420.0,60,ProductA,2025-04-01,52.0,6.0
840.0,35,ProductB,,84.0,9.0
2852.0,119,ProductB,2025-08-01,35.0,4.0
2912.0,122,ProductA,2025-08-01,3.0,0.0
1359.0,57,ProductB,2025-03-01,9.0,1.0
4425.0,185,ProductA,2025-09-01,50.0,10.0
1461.0,61,ProductB,2025-09-01,19.0,4.0
4193.0,175,ProductB,2025-05-01,23.0,
,133,ProductB,2025-06-01,26.0,6.0
4781.0,200,ProductA,2025-05-01,,2.0
1046.0,44,ProductB,2025-02-01,18.0,2.0
3256.0,136,ProductB,,60.0,9.0
723.0,31,ProductA,2025-03-01,8.0,1.0
173.0,8,ProductA,2025-05-01,58.0,8.0
4239.0,177,ProductB,2025-03-01,39.0,8.0
3303.0,138,ProductB,2025-03-01,20.0,3.0
1051.0,44,ProductB,2025-07-01,21.0,4.0
1676.0,70,ProductB,2025-08-01,28.0,4.0
222.0,10,ProductA,2025-06-01,27.0,4.0
308.0,13,ProductB,2025-08-01,,3.0
984.0,41,ProductB,2025-12-01,60.0,6.0
3871.0,162,ProductA,,52.0,11.0
570.0,24,ProductB,2025-06-01,20.0,4.0
3862.0,161,ProductB,2025-10-01,17.0,1.0
2882.0,121,ProductA,2025-02-01,32.0,3.0
943.0,40,ProductA,2025-07-01,16.0,3.0
2240.0,94,ProductA,2025-08-01,3.0,0.0
4102.0,171,ProductB,2025-10-01,9.0,2.0
3647.0,152,ProductB,2025-11-01,23.0,5.0
4166.0,174,ProductB,2025-02-01,30.0,4.0
1863.0,78,ProductB,,,3.0
,187,ProductA,07/01/2025,21.0,5.0
320.0,14,ProductA,2025-08-01,0.0,0.0
751.0,32,ProductA,2025-07-01,68.0,13.0
1486.0,62,ProductB,2025-10-01,49.0,
289.0,13,ProductA,2025-01-01,22.0,2.0
3496.0,146,ProductB,2025-04-01,38.0,4.0
1867.0,78,ProductB,2025-07-01,38.0,8.0
2904.0,121,ProductB,2025-12-01,,7.0
220.0,10,ProductA,2025-04-01,25.0,4.0
2357.0,99,,2025-05-01,36.0,4.0
1783.0,75,ProductA,07/01/2025,6.0,1.0
1483.0,62,ProductB,2025-07-01,40.0,
3046.0,127,ProductB,2025-10-01,5.0,0.0
4529.0,189,ProductB,2025-05-01,7.0,1.0
562.0,24,ProductA,2025-10-01,21.0,4.0
4634.0,194,ProductA,2025-02-01,0.0,0.0
794.0,34,ProductA,2025-02-01,9.0,1.0
,181,ProductB,2025-09-01,44.0,10.0
1961.0,82,ProductB,2025-05-01,31.0,7.0
712.0,30,ProductB,04/01/2025,16.0,3.0
3984.0,166,ProductB,2025-12-01,51.0,12.0
3450.0,144,ProductB,2025-06-01,25.0,5.0
4549.0,190,ProductB,2025-01-01,11.0,1.0
540.0,23,ProductA,2025-12-01,46.0,11.0
703.0,30,ProductA,07/01/2025,12.0,1.0
4575.0,191,ProductB,2025-03-01,21.0,3.0
4157.0,174,ProductA,2025-05-01,19.0,2.0
1213.0,51,ProductB,2025-01-01,27.0,3.0
3856.0,161,ProductB,2025-04-01,17.0,
,106,ProductB,2025-02-01,,6.0
2194.0,92,ProductA,2025-10-01,47.0,6.0
258.0,11,ProductB,2025-06-01,14.0,2.0
1848.0,77,ProductB,2025-12-01,33.0,3.0
626.0,27,ProductA,2025-02-01,17.0,3.0
3327.0,139,ProductB,2025-03-01,32.0,
2961.0,124,ProductA,,13.0,1.0
2777.0,116,ProductB,2025-05-01,34.0,7.0
1524.0,64,ProductA,2025-12-01,1.0,0.0
2328.0,97,ProductB,2025-12-01,27.0,4.0
2859.0,120,ProductA,2025-03-01,34.0,6.0
2305.0,97,ProductA,2025-01-01,33.0,5.0
475.0,20,ProductB,2025-07-01,,0.0
3594.0,150,ProductB,2025-06-01,27.0,5.0
3294.0,138,ProductA,2025-06-01,13.0,1.0
2733.0,114,ProductB,09/01/2025,164.0,24.0
1320.0,55,ProductB,2025-12-01,148.0,17.0
,95,ProductB,11/01/2025,3.0,0.0
4372.0,183,ProductA,2025-04-01,24.0,4.0
2179.0,91,ProductB,2025-07-01,42.0,9.0
2696.0,113,ProductA,08/01/2025,35.0,8.0
2196.0,92,ProductA,2025-12-01,57.0,7.0
1402.0,59,ProductA,2025-10-01,40.0,6.0
3171.0,133,ProductA,03/01/2025,15.0,1.0
4205.0,176,ProductA,2025-05-01,42.0,8.0
2310.0,97,ProductA,2025-06-01,35.0,7.0
1834.0,77,ProductA,2025-10-01,52.0,6.0
2651.0,111,ProductA,2025-11-01,3.0,0.0
4588.0,192,ProductA,2025-04-01,52.0,8.0
2046.0,86,ProductA,2025-06-01,36.0,3.0
4191.0,175,ProductB,2025-03-01,24.0,5.0
4441.0,186,ProductA,2025-01-01,27.0,3.0
4301.0,180,ProductA,2025-05-01,38.0,4.0
1362.0,57,ProductB,2025-06-01,11.0,1.0
4467.0,187,ProductA,03/01/2025,24.0,2.0
1019.0,43,ProductA,2025-11-01,21.0,3.0
3498.0,146,ProductB,2025-06-01,36.0,4.0
14.0,1,ProductB,2025-02-01,43.0,8.0
3422.0,143,ProductB,,6.0,1.0
159.0,7,ProductB,2025-03-01,28.0,5.0
106.0,5,ProductA,2025-10-01,2.0,0.0
2675.0,112,ProductA,2025-11-01,67.0,11.0
3227.0,135,ProductA,11/01/2025,14.0,1.0
3727.0,156,ProductA,2025-07-01,30.0,7.0
72.0,3,ProductB,2025-12-01,41.0,4.0
280.0,12,ProductB,2025-04-01,1.0,
1163.0,49,,2025-11-01,43.0,10.0
1131.0,48,ProductA,2025-03-01,29.0,6.0
,119,ProductB,2025-10-01,45.0,7.0
4740.0,198,,2025-12-01,63.0,15.0
2486.0,104,ProductB,2025-02-01,13.0,2.0
3341.0,140,ProductA,2025-05-01,5.0,0.0
4440.0,185,ProductB,2025-12-01,57.0,6.0
3061.0,128,ProductB,,14.0,2.0
681.0,29,ProductA,2025-09-01,17.0,3.0
2537.0,106,ProductB,,,6.0
2503.0,105,ProductA,2025-07-01,29.0,6.0
342.0,15,ProductA,06/01/2025,5.0,1.0
1803.0,76,ProductA,2025-03-01,26.0,4.0
1034.0,44,ProductA,2025-02-01,14.0,1.0
208.0,9,ProductB,2025-04-01,24.0,3.0
182.0,8,ProductB,2025-02-01,26.0,3.0
3118.0,130,ProductB,2025-10-01,24.0,4.0
257.0,11,ProductB,2025-05-01,13.0,3.0
1694.0,71,ProductB,2025-02-01,26.0,3.0
2028.0,85,ProductA,2025-12-01,31.0,3.0
1452.0,61,ProductA,2025-12-01,,9.0
1627.0,68,ProductB,2025-07-01,48.0,8.0
3063.0,128,ProductB,03/01/2025,21.0,4.0
3345.0,140,ProductA,09/01/2025,14.0,1.0
3365.0,141,ProductA,05/01/2025,27.0,3.0
2146.0,90,ProductA,2025-10-01,18.0,3.0
642.0,27,,2025-06-01,0.0,0.0
4278.0,179,ProductA,2025-06-01,32.0,5.0
2984.0,125,ProductA,2025-08-01,65.0,15.0
2048.0,86,ProductA,2025-08-01,41.0,9.0
3919.0,164,ProductA,2025-07-01,10.0,1.0
3809.0,159,ProductB,2025-05-01,19.0,4.0
669.0,28,ProductB,2025-09-01,18.0,
3654.0,153,ProductA,2025-06-01,27.0,4.0
2866.0,120,,2025-10-01,48.0,7.0
463.0,20,ProductA,2025-07-01,,3.0
1707.0,72,ProductA,2025-03-01,68.0,8.0
335.0,14,ProductB,2025-11-01,3.0,0.0
185.0,8,ProductB,2025-05-01,40.0,7.0
4159.0,174,ProductA,2025-07-01,28.0,3.0
4511.0,188,ProductB,2025-11-01,27.0,6.0
487.0,21,ProductA,2025-07-01,16.0,2.0
3121.0,131,ProductA,2025-01-01,2.0,0.0
1000.0,42,ProductB,2025-04-01,24.0,4.0
1609.0,68,ProductA,2025-01-01,49.0,7.0
3421.0,143,ProductB,2025-01-01,10.0,2.0
20.0,1,ProductB,,107.0,21.0
4747.0,198,ProductB,2025-07-01,22.0,2.0
1592.0,67,ProductA,2025-08-01,47.0,7.0
99.0,5,ProductA,,20.0,
3861.0,161,ProductB,2025-09-01,14.0,1.0
2878.0,120,,10/01/2025,52.0,6.0
1150.0,48,,2025-10-01,55.0,12.0
3835.0,160,ProductB,2025-07-01,44.0,7.0
,51,ProductB,2025-10-01,36.0,5.0
1290.0,54,ProductB,,42.0,9.0
1875.0,79,,2025-03-01,17.0,1.0
2185.0,92,ProductA,2025-01-01,32.0,6.0
1211.0,51,ProductA,2025-11-01,23.0,4.0
4297.0,180,ProductA,2025-01-01,39.0,8.0
4336.0,181,ProductB,2025-04-01,26.0,2.0
755.0,32,ProductA,2025-11-01,111.0,11.0
3721.0,156,ProductA,2025-01-01,12.0,1.0
798.0,34,ProductA,2025-06-01,13.0,2.0
4177.0,175,ProductA,2025-01-01,26.0,3.0
3717.0,155,ProductB,2025-09-01,41.0,10.0
1162.0,49,ProductA,2025-10-01,42.0,7.0
978.0,41,ProductB,2025-06-01,49.0,9.0
380.0,16,ProductB,2025-08-01,10.0,1.0
3316.0,139,ProductA,2025-04-01,49.0,8.0
125.0,6,ProductA,2025-05-01,,5.0
1882.0,79,ProductA,2025-10-01,27.0,
4368.0,182,ProductB,2025-12-01,19.0,4.0
58.0,3,,2025-10-01,43.0,9.0
545.0,23,ProductB,2025-05-01,30.0,4.0
576.0,24,ProductB,2025-12-01,23.0,5.0
1333.0,56,ProductB,2025-01-01,33.0,6.0
1407.0,59,ProductB,2025-03-01,36.0,8.0
3536.0,148,ProductA,2025-08-01,12.0,2.0
1277.0,54,ProductA,2025-05-01,26.0,5.0
1745.0,73,ProductB,2025-05-01,24.0,5.0
678.0,29,,2025-06-01,22.0,5.0
4412.0,184,ProductB,08/01/2025,65.0,9.0
4071.0,170,ProductB,2025-03-01,17.0,1.0
4778.0,200,ProductA,2025-02-01,17.0,2.0
4392.0,183,ProductB,2025-12-01,12.0,2.0
4488.0,187,ProductB,2025-12-01,30.0,7.0
3827.0,160,ProductA,2025-11-01,31.0,
344.0,15,ProductA,2025-08-01,4.0,0.0
3052.0,128,ProductA,04/01/2025,9.0,1.0
4468.0,187,ProductA,2025-04-01,25.0,4.0
4203.0,176,ProductA,2025-03-01,28.0,6.0
1431.0,60,,03/01/2025,,8.0
3370.0,141,ProductA,2025-10-01,24.0,5.0
2499.0,105,ProductA,03/01/2025,28.0,6.0
880.0,37,,2025-04-01,14.0,1.0
,9,ProductB,,36.0,7.0
4110.0,172,ProductA,2025-06-01,13.0,2.0
2407.0,101,ProductA,2025-07-01,23.0,4.0
3952.0,165,ProductB,2025-04-01,32.0,7.0
3935.0,164,ProductB,2025-11-01,11.0,2.0
4051.0,169,ProductB,2025-07-01,,7.0
49.0,3,ProductA,01/01/2025,29.0,5.0
508.0,22,ProductA,2025-04-01,28.0,6.0
3681.0,154,ProductA,2025-09-01,35.0,5.0
4531.0,189,ProductB,2025-07-01,5.0,0.0
3891.0,163,ProductA,2025-03-01,39.0,4.0
1384.0,58,ProductB,2025-04-01,19.0,4.0
807.0,34,ProductB,2025-03-01,19.0,2.0
3699.0,155,ProductA,2025-03-01,,3.0
4649.0,194,ProductB,2025-05-01,2.0,0.0
4411.0,184,ProductB,2025-07-01,55.0,13.0
4639.0,194,,2025-07-01,4.0,0.0
1871.0,78,ProductB,2025-11-01,39.0,7.0
877.0,37,ProductB,,17.0,2.0
4078.0,170,ProductB,10/01/2025,20.0,4.0
,122,ProductB,2025-08-01,21.0,4.0
4133.0,173,ProductA,05/01/2025,23.0,2.0
821.0,35,ProductA,2025-05-01,,3.0
4242.0,177,ProductB,2025-06-01,41.0,4.0
4112.0,172,ProductA,2025-08-01,19.0,4.0
4288.0,179,ProductB,2025-04-01,11.0,2.0
2072.0,87,ProductA,2025-08-01,49.0,7.0
30.0,2,ProductA,2025-06-01,41.0,5.0
1119.0,47,ProductB,2025-03-01,34.0,3.0
3267.0,137,ProductA,2025-03-01,24.0,5.0
918.0,39,ProductA,06/01/2025,,0.0
2762.0,116,ProductA,2025-02-01,24.0,4.0
2954.0,124,ProductA,2025-02-01,9.0,1.0
829.0,35,ProductB,2025-01-01,29.0,7.0
2315.0,97,ProductA,2025-11-01,44.0,7.0
3092.0,129,ProductB,2025-08-01,37.0,7.0
3901.0,163,ProductB,2025-01-01,27.0,5.0
2847.0,119,ProductB,03/01/2025,35.0,4.0
3072.0,128,ProductB,2025-12-01,14.0,2.0
251.0,11,ProductA,2025-11-01,47.0,11.0
331.0,14,ProductB,2025-07-01,11.0,1.0
3538.0,148,ProductA,2025-10-01,10.0,1.0
2828.0,118,ProductB,2025-08-01,25.0,5.0
1077.0,45,ProductB,09/01/2025,13.0,3.0
1515.0,64,ProductA,2025-03-01,13.0,2.0
1807.0,76,ProductA,2025-07-01,26.0,6.0
97.0,5,ProductA,2025-01-01,20.0,4.0
3105.0,130,,2025-09-01,27.0,
,138,ProductB,2025-08-01,25.0,
2450.0,103,ProductA,2025-02-01,19.0,3.0
2117.0,89,ProductA,2025-05-01,25.0,4.0
2206.0,92,ProductB,2025-10-01,61.0,13.0
3068.0,128,,2025-08-01,19.0,3.0
1830.0,77,ProductA,2025-06-01,47.0,6.0
2634.0,110,ProductB,2025-06-01,,3.0
,92,ProductB,02/01/2025,30.0,6.0
449.0,19,ProductB,2025-05-01,13.0,2.0
3673.0,154,ProductA,2025-01-01,21.0,3.0
4773.0,199,ProductB,2025-09-01,24.0,5.0
1340.0,56,ProductB,2025-08-01,59.0,
1042.0,44,ProductA,10/01/2025,,
4360.0,182,ProductB,2025-04-01,13.0,2.0
3677.0,154,ProductA,2025-05-01,28.0,3.0
802.0,34,ProductA,2025-10-01,17.0,2.0
4754.0,199,,2025-02-01,32.0,7.0
1476.0,62,ProductA,2025-12-01,44.0,6.0
2020.0,85,ProductA,2025-04-01,13.0,2.0
3038.0,127,ProductB,2025-02-01,5.0,1.0
2716.0,114,ProductA,2025-04-01,91.0,15.0
434.0,19,ProductA,2025-02-01,15.0,2.0
468.0,20,ProductA,2025-12-01,23.0,4.0
2941.0,123,ProductB,2025-01-01,23.0,4.0
2740.0,115,ProductA,2025-04-01,21.0,2.0
2288.0,96,ProductA,2025-08-01,4.0,0.0
2239.0,94,ProductA,2025-07-01,7.0,1.0
3539.0,148,ProductA,2025-11-01,6.0,0.0
3545.0,148,ProductB,2025-05-01,,1.0
485.0,21,ProductA,2025-05-01,14.0,3.0
4476.0,187,ProductA,2025-12-01,16.0,3.0
1840.0,77,ProductB,2025-04-01,31.0,6.0
3752.0,157,ProductA,,49.0,4.0
1665.0,70,ProductA,2025-09-01,17.0,1.0
2237.0,94,ProductA,2025-05-01,7.0,0.0
910.0,38,ProductB,2025-10-01,2.0,0.0
2422.0,101,ProductB,2025-10-01,1.0,0.0
,161,ProductA,12/01/2025,30.0,4.0
2814.0,118,ProductA,06/01/2025,20.0,3.0
3456.0,144,ProductB,2025-12-01,34.0,5.0
3145.0,132,ProductA,2025-01-01,30.0,5.0
4272.0,178,ProductB,2025-12-01,107.0,26.0
3276.0,137,ProductA,2025-12-01,,5.0
1019.0,43,ProductA,2025-11-01,21.0,3.0
2949.0,123,ProductB,2025-09-01,19.0,3.0
80.0,4,ProductA,2025-08-01,66.0,11.0
1877.0,79,ProductA,2025-05-01,22.0,5.0
3909.0,163,ProductB,2025-09-01,21.0,2.0
2273.0,95,ProductB,2025-05-01,14.0,2.0
4225.0,177,ProductA,01/01/2025,24.0,3.0
1309.0,55,ProductB,2025-01-01,43.0,7.0
2557.0,107,ProductB,,51.0,5.0
897.0,38,ProductA,2025-09-01,,1.0
2749.0,115,ProductB,2025-01-01,11.0,
4762.0,199,ProductA,10/01/2025,,10.0
3646.0,152,ProductB,2025-10-01,25.0,4.0
2425.0,102,ProductA,2025-01-01,15.0,2.0
2827.0,118,ProductB,2025-07-01,18.0,2.0
1623.0,68,ProductB,2025-03-01,,5.0
,13,ProductA,2025-08-01,52.0,7.0
2968.0,124,ProductB,2025-04-01,1.0,0.0
3633.0,152,ProductA,2025-09-01,8.0,1.0
2541.0,106,ProductB,2025-09-01,39.0,5.0
1818.0,76,ProductB,2025-06-01,38.0,7.0
4261.0,178,ProductB,2025-01-01,24.0,4.0
3361.0,141,ProductA,2025-01-01,23.0,3.0
525.0,22,ProductB,2025-09-01,25.0,3.0
1565.0,66,ProductA,2025-05-01,44.0,8.0
1165.0,49,ProductB,2025-01-01,20.0,3.0
3785.0,158,ProductB,2025-05-01,38.0,9.0
2286.0,96,ProductA,06/01/2025,5.0,0.0
1509.0,63,ProductB,2025-09-01,14.0,2.0
2500.0,105,ProductA,2025-04-01,34.0,7.0
2459.0,103,ProductA,2025-11-01,27.0,2.0
4097.0,171,ProductB,2025-05-01,25.0,4.0
4701.0,196,,09/01/2025,32.0,3.0
1322.0,56,ProductA,2025-02-01,41.0,8.0
1469.0,62,ProductA,2025-05-01,31.0,5.0
4260.0,178,ProductA,2025-12-01,135.0,20.0
76.0,4,,,56.0,11.0
3507.0,147,ProductA,2025-03-01,12.0,1.0
2197.0,92,ProductB,2025-01-01,25.0,4.0
3452.0,144,ProductB,2025-08-01,29.0,4.0
2870.0,120,ProductB,2025-02-01,43.0,10.0
1242.0,52,ProductB,2025-06-01,26.0,6.0
1806.0,76,ProductA,2025-06-01,,5.0
2608.0,109,ProductB,2025-04-01,39.0,7.0
3093.0,129,,2025-09-01,38.0,8.0
4367.0,182,ProductB,2025-11-01,22.0,4.0
4515.0,189,ProductA,2025-03-01,12.0,2.0
738.0,31,ProductB,2025-06-01,16.0,2.0
473.0,20,ProductB,2025-05-01,4.0,0.0
4651.0,194,ProductB,2025-07-01,0.0,0.0
1141.0,48,ProductB,2025-01-01,38.0,4.0
2248.0,94,ProductB,2025-04-01,26.0,2.0
,17,ProductB,2025-01-01,19.0,3.0
1442.0,61,ProductA,2025-02-01,18.0,3.0
3598.0,150,ProductB,2025-10-01,34.0,5.0
129.0,6,ProductA,2025-09-01,36.0,4.0
924.0,39,ProductA,,,0.0
2993.0,125,,05/01/2025,51.0,9.0
1537.0,65,ProductA,2025-01-01,41.0,5.0
2505.0,105,ProductA,2025-09-01,27.0,5.0
4688.0,196,ProductA,2025-08-01,36.0,7.0
3845.0,161,ProductA,2025-05-01,31.0,5.0
1823.0,76,ProductB,2025-11-01,53.0,7.0
680.0,29,ProductA,2025-08-01,17.0,2.0
4756.0,199,ProductA,04/01/2025,35.0,5.0
3730.0,156,ProductA,2025-10-01,47.0,4.0
2440.0,102,ProductB,2025-04-01,16.0,3.0
710.0,30,ProductB,,11.0,1.0
3950.0,165,ProductB,2025-02-01,,5.0
322.0,14,ProductA,2025-10-01,1.0,0.0
176.0,8,ProductA,2025-08-01,80.0,16.0
2635.0,110,ProductB,2025-07-01,22.0,2.0
1611.0,68,ProductA,2025-03-01,53.0,9.0
3311.0,138,ProductB,2025-11-01,19.0,1.0
760.0,32,,2025-04-01,74.0,8.0
772.0,33,ProductA,2025-04-01,33.0,4.0
4047.0,169,ProductB,2025-03-01,38.0,5.0
1007.0,42,ProductB,2025-11-01,25.0,5.0
4729.0,198,ProductA,01/01/2025,,4.0
3426.0,143,ProductB,2025-06-01,0.0,0.0
2769.0,116,ProductA,2025-09-01,28.0,5.0
1740.0,73,ProductA,2025-12-01,8.0,1.0
3266.0,137,ProductA,2025-02-01,19.0,2.0
222.0,10,ProductA,2025-06-01,27.0,4.0
1386.0,58,ProductB,2025-06-01,12.0,2.0
417.0,18,ProductA,2025-09-01,28.0,5.0
1247.0,52,ProductB,2025-11-01,27.0,3.0
1600.0,67,ProductB,04/01/2025,22.0,2.0
1696.0,71,ProductB,2025-04-01,32.0,6.0
155.0,7,ProductA,2025-11-01,73.0,
4737.0,198,ProductA,09/01/2025,47.0,9.0
551.0,23,ProductB,2025-11-01,34.0,4.0
2385.0,100,ProductA,2025-09-01,28.0,
3722.0,156,ProductA,2025-02-01,13.0,1.0
2891.0,121,,11/01/2025,61.0,13.0
2452.0,103,ProductA,2025-04-01,24.0,2.0
2933.0,123,ProductA,2025-05-01,44.0,7.0
3630.0,152,ProductA,2025-06-01,6.0,1.0
3850.0,161,ProductA,2025-10-01,40.0,9.0
3360.0,140,ProductB,2025-12-01,22.0,2.0
1856.0,78,ProductA,2025-08-01,38.0,8.0
1099.0,46,ProductB,2025-07-01,9.0,1.0
1580.0,66,ProductB,2025-08-01,58.0,12.0
4648.0,194,ProductB,2025-04-01,0.0,0.0
2391.0,100,ProductB,2025-03-01,25.0,5.0
3521.0,147,ProductB,2025-05-01,,3.0
1390.0,58,ProductB,10/01/2025,19.0,3.0
,51,ProductA,2025-03-01,28.0,5.0
3582.0,150,ProductA,,27.0,3.0
4455.0,186,ProductB,2025-03-01,25.0,5.0
1146.0,48,ProductB,2025-06-01,41.0,8.0
1348.0,57,ProductA,2025-04-01,16.0,3.0
3732.0,156,ProductA,2025-12-01,43.0,5.0
652.0,28,ProductA,2025-04-01,23.0,5.0
1166.0,49,,02/01/2025,15.0,3.0
4483.0,187,ProductB,2025-07-01,34.0,5.0
2147.0,90,ProductA,2025-11-01,22.0,5.0
1048.0,44,ProductB,2025-04-01,15.0,1.0
718.0,30,ProductB,2025-10-01,1.0,0.0
134.0,6,ProductB,2025-02-01,25.0,3.0
4022.0,168,ProductB,2025-02-01,35.0,6.0
4403.0,184,ProductA,2025-11-01,114.0,19.0
1039.0,44,ProductA,2025-07-01,27.0,
746.0,32,ProductA,02/01/2025,50.0,11.0
3110.0,130,ProductB,2025-02-01,22.0,2.0
1957.0,82,ProductB,2025-01-01,26.0,6.0
,52,ProductB,2025-02-01,22.0,3.0
2639.0,110,ProductB,2025-11-01,27.0,4.0
1706.0,72,ProductA,2025-02-01,58.0,13.0
3150.0,132,,2025-06-01,38.0,3.0
4079.0,170,ProductB,2025-11-01,23.0,4.0
4407.0,184,ProductB,,32.0,7.0
2582.0,108,ProductB,2025-02-01,25.0,4.0
3869.0,162,ProductA,2025-05-01,45.0,5.0
1344.0,56,ProductB,2025-12-01,76.0,13.0
819.0,35,ProductA,2025-03-01,26.0,4.0
4226.0,177,ProductA,2025-02-01,28.0,5.0
4082.0,171,ProductA,2025-02-01,11.0,1.0
577.0,25,ProductA,2025-01-01,20.0,2.0
4796.0,200,ProductB,2025-08-01,9.0,2.0
3902.0,163,ProductB,2025-02-01,34.0,6.0
4065.0,170,ProductA,2025-09-01,26.0,3.0
4069.0,170,ProductB,2025-01-01,12.0,1.0
3733.0,156,ProductB,2025-01-01,12.0,2.0
3817.0,160,ProductA,2025-01-01,26.0,4.0
1987.0,83,ProductB,2025-07-01,48.0,8.0
3818.0,160,ProductA,2025-02-01,27.0,3.0
4103.0,171,ProductB,2025-11-01,13.0,1.0
364.0,16,ProductA,,25.0,5.0
2619.0,110,ProductA,2025-03-01,26.0,2.0
3251.0,136,ProductA,2025-11-01,61.0,11.0
367.0,16,,2025-07-01,30.0,7.0
3086.0,129,ProductB,02/01/2025,20.0,4.0
356.0,15,ProductB,2025-08-01,18.0,4.0
3946.0,165,ProductA,2025-10-01,39.0,
797.0,34,ProductA,2025-05-01,,2.0
1535.0,64,ProductB,2025-11-01,47.0,11.0
1629.0,68,ProductB,2025-09-01,50.0,10.0
3514.0,147,ProductA,2025-10-01,3.0,0.0
585.0,25,ProductA,2025-09-01,52.0,5.0
4265.0,178,ProductB,2025-05-01,,5.0
4107.0,172,ProductA,03/01/2025,8.0,
4481.0,187,ProductB,05/01/2025,31.0,6.0
3417.0,143,ProductA,2025-09-01,22.0,4.0
,83,ProductB,2025-03-01,39.0,8.0
1812.0,76,ProductA,2025-12-01,32.0,6.0
338.0,15,ProductA,2025-02-01,1.0,0.0
1087.0,46,ProductA,2025-07-01,19.0,3.0
2821.0,118,ProductB,2025-01-01,14.0,1.0
4059.0,170,ProductA,2025-03-01,16.0,1.0
611.0,26,ProductA,2025-11-01,30.0,5.0
1005.0,42,ProductB,2025-09-01,25.0,2.0
3469.0,145,ProductB,2025-01-01,31.0,7.0
3789.0,158,ProductB,2025-09-01,49.0,9.0
2610.0,109,ProductB,2025-06-01,43.0,5.0
2333.0,98,ProductA,2025-05-01,29.0,5.0
937.0,40,ProductA,2025-01-01,15.0,3.0
1869.0,78,ProductB,09/01/2025,45.0,7.0
1274.0,54,ProductA,2025-02-01,28.0,3.0
4764.0,199,ProductA,12/01/2025,51.0,12.0
2569.0,108,ProductA,2025-01-01,34.0,4.0
604.0,26,ProductA,2025-04-01,24.0,5.0
,198,ProductA,2025-07-01,39.0,8.0
2542.0,106,ProductB,10/01/2025,39.0,9.0
3413.0,143,ProductA,2025-05-01,13.0,2.0
1624.0,68,ProductB,2025-04-01,37.0,
823.0,35,ProductA,,44.0,6.0
11.0,1,ProductA,2025-11-01,,21.0
4689.0,196,ProductA,2025-09-01,34.0,8.0
1383.0,58,ProductB,2025-03-01,20.0,4.0
1928.0,81,ProductA,2025-08-01,28.0,5.0
899.0,38,ProductA,2025-11-01,11.0,1.0
2296.0,96,ProductB,2025-04-01,7.0,1.0
2916.0,122,ProductA,2025-12-01,6.0,1.0
2695.0,113,ProductA,,32.0,6.0
3898.0,163,ProductA,2025-10-01,38.0,6.0
1810.0,76,ProductA,2025-10-01,26.0,3.0
1328.0,56,ProductA,2025-08-01,70.0,15.0
1467.0,62,ProductA,03/01/2025,,3.0
15.0,1,ProductB,2025-03-01,51.0,12.0
656.0,28,ProductA,2025-08-01,29.0,4.0
4778.0,200,ProductA,2025-02-01,17.0,2.0
383.0,16,ProductB,2025-11-01,15.0,2.0
4487.0,187,ProductB,2025-11-01,30.0,5.0
245.0,11,ProductA,2025-05-01,23.0,2.0
586.0,25,ProductA,2025-10-01,54.0,10.0
4770.0,199,ProductB,2025-06-01,21.0,4.0
1502.0,63,ProductB,2025-02-01,24.0,5.0
1598.0,67,ProductB,2025-02-01,28.0,3.0
2672.0,112,ProductA,2025-08-01,54.0,9.0
3050.0,128,ProductA,2025-02-01,9.0,2.0
123.0,6,ProductA,2025-03-01,23.0,3.0
1368.0,57,ProductB,2025-12-01,14.0,2.0
563.0,24,ProductA,2025-11-01,20.0,4.0
1814.0,76,ProductB,2025-02-01,28.0,5.0
2784.0,116,ProductB,,49.0,5.0
3945.0,165,ProductA,2025-09-01,39.0,9.0
4472.0,187,ProductA,08/01/2025,29.0,5.0
2810.0,118,ProductA,2025-02-01,13.0,1.0
964.0,41,ProductA,2025-04-01,33.0,6.0
3466.0,145,ProductA,2025-10-01,20.0,
248.0,11,ProductA,08/01/2025,33.0,4.0
4568.0,191,ProductA,2025-08-01,24.0,4.0
3337.0,140,ProductA,2025-01-01,10.0,1.0
1428.0,60,ProductA,,73.0,
4146.0,173,ProductB,2025-06-01,34.0,5.0
4173.0,174,ProductB,2025-09-01,27.0,6.0
483.0,21,ProductA,2025-03-01,15.0,3.0
1499.0,63,ProductA,2025-11-01,6.0,1.0
181.0,8,ProductB,2025-01-01,24.0,3.0
249.0,11,ProductA,2025-09-01,,9.0
2015.0,84,ProductB,2025-11-01,3.0,0.0
3680.0,154,ProductA,2025-08-01,35.0,6.0
2638.0,110,ProductB,2025-10-01,21.0,5.0
4744.0,198,ProductB,2025-04-01,19.0,
422.0,18,ProductB,2025-02-01,28.0,3.0
695.0,29,ProductB,2025-11-01,15.0,2.0
1479.0,62,ProductB,2025-03-01,31.0,4.0
4269.0,178,ProductB,2025-09-01,79.0,15.0
1450.0,61,ProductA,2025-10-01,30.0,5.0
4074.0,170,ProductB,2025-06-01,14.0,2.0
921.0,39,ProductA,2025-09-01,7.0,1.0
2348.0,98,ProductB,2025-08-01,30.0,3.0
3495.0,146,ProductB,2025-03-01,37.0,
2830.0,118,ProductB,2025-10-01,19.0,2.0
3160.0,132,ProductB,2025-04-01,,2.0
2228.0,93,ProductB,2025-08-01,37.0,4.0
2301.0,96,ProductB,2025-09-01,1.0,0.0
770.0,33,ProductA,2025-02-01,35.0,6.0
4617.0,193,ProductA,2025-09-01,21.0,2.0
2027.0,85,ProductA,2025-11-01,33.0,6.0
2388.0,100,ProductA,,36.0,7.0
,167,ProductA,2025-11-01,43.0,9.0
3310.0,138,ProductB,2025-10-01,21.0,2.0
3410.0,143,ProductA,2025-02-01,17.0,2.0
3378.0,141,,2025-06-01,34.0,5.0
1746.0,73,ProductB,2025-06-01,32.0,7.0
1487.0,62,ProductB,2025-11-01,54.0,6.0
,88,ProductB,2025-02-01,31.0,4.0
2285.0,96,ProductA,2025-05-01,4.0,0.0
3841.0,161,ProductA,2025-01-01,18.0,4.0
517.0,22,ProductB,2025-01-01,19.0,4.0
3859.0,161,ProductB,2025-07-01,10.0,1.0
2766.0,116,ProductA,2025-06-01,29.0,6.0
1088.0,46,ProductA,08/01/2025,20.0,4.0
,108,ProductB,2025-10-01,61.0,14.0
1346.0,57,ProductA,2025-02-01,19.0,3.0
,64,ProductB,2025-02-01,15.0,3.0
,146,ProductB,2025-11-01,31.0,5.0
1937.0,81,ProductB,2025-05-01,25.0,5.0
1649.0,69,ProductB,2025-05-01,30.0,
2550.0,107,ProductA,2025-06-01,76.0,18.0
204.0,9,ProductA,2025-12-01,13.0,1.0
4605.0,192,ProductB,2025-09-01,90.0,9.0
929.0,39,ProductB,2025-05-01,14.0,2.0
4499.0,188,ProductA,11/01/2025,17.0,3.0
599.0,25,ProductB,2025-11-01,37.0,4.0
376.0,16,ProductB,2025-04-01,12.0,
624.0,26,ProductB,2025-12-01,46.0,6.0
2555.0,107,ProductA,2025-11-01,119.0,17.0
3126.0,131,ProductA,2025-06-01,6.0,0.0
416.0,18,ProductA,2025-08-01,23.0,5.0
2049.0,86,ProductA,2025-09-01,40.0,9.0
4039.0,169,ProductA,2025-07-01,26.0,6.0
3777.0,158,ProductA,09/01/2025,36.0,7.0
2864.0,120,ProductA,2025-08-01,46.0,10.0
4217.0,176,ProductB,2025-05-01,34.0,4.0
1189.0,50,ProductB,2025-01-01,7.0,0.0
4720.0,197,ProductB,04/01/2025,17.0,2.0
3584.0,150,ProductA,2025-08-01,20.0,4.0
2061.0,86,ProductB,2025-09-01,45.0,
3602.0,151,ProductA,2025-02-01,29.0,6.0
3197.0,134,,2025-05-01,43.0,4.0
4132.0,173,ProductA,2025-04-01,17.0,3.0
2547.0,107,ProductA,2025-03-01,48.0,9.0
3792.0,158,ProductB,12/01/2025,57.0,11.0
,109,ProductB,2025-09-01,50.0,5.0
839.0,35,ProductB,2025-11-01,70.0,7.0
1512.0,63,ProductB,12/01/2025,13.0,1.0
1820.0,76,ProductB,2025-08-01,38.0,4.0
3166.0,132,ProductB,2025-10-01,19.0,2.0
533.0,23,ProductA,05/01/2025,25.0,4.0
387.0,17,,03/01/2025,13.0,2.0
1045.0,44,ProductB,2025-01-01,20.0,3.0
734.0,31,ProductB,2025-02-01,18.0,1.0
,34,ProductA,2025-07-01,14.0,2.0
3953.0,165,ProductB,2025-05-01,32.0,5.0
4390.0,183,ProductB,2025-10-01,9.0,1.0
4512.0,188,ProductB,2025-12-01,27.0,3.0
3305.0,138,ProductB,2025-05-01,27.0,5.0
1552.0,65,ProductB,2025-04-01,39.0,6.0
2727.0,114,ProductB,2025-03-01,69.0,9.0
2000.0,84,ProductA,08/01/2025,15.0,2.0
1974.0,83,ProductA,2025-06-01,35.0,5.0
1172.0,49,ProductB,2025-08-01,13.0,2.0
4307.0,180,ProductA,2025-11-01,54.0,9.0
4178.0,175,ProductA,2025-02-01,31.0,6.0
1792.0,75,ProductB,2025-04-01,0.0,0.0
,22,ProductA,2025-06-01,32.0,6.0
2693.0,113,ProductA,2025-05-01,24.0,2.0
2224.0,93,ProductB,2025-04-01,30.0,5.0
2631.0,110,ProductB,2025-03-01,21.0,
1217.0,51,ProductB,2025-05-01,34.0,5.0
2531.0,106,,2025-11-01,60.0,7.0
2100.0,88,ProductA,2025-12-01,34.0,7.0
3905.0,163,ProductB,2025-05-01,34.0,8.0
,138,ProductB,2025-02-01,20.0,2.0
3425.0,143,ProductB,2025-05-01,0.0,0.0
1765.0,74,ProductB,,34.0,6.0
4594.0,192,ProductA,2025-10-01,77.0,11.0
2004.0,84,ProductA,2025-12-01,7.0,0.0
378.0,16,ProductB,2025-06-01,15.0,2.0
135.0,6,ProductB,2025-03-01,29.0,4.0
3966.0,166,ProductA,2025-06-01,20.0,3.0
2423.0,101,ProductB,2025-11-01,6.0,1.0
647.0,27,ProductB,2025-11-01,12.0,1.0
,190,,2025-03-01,12.0,2.0
3834.0,160,ProductB,2025-06-01,41.0,5.0
2331.0,98,ProductA,2025-03-01,33.0,6.0
1464.0,61,ProductB,2025-12-01,26.0,4.0
2153.0,90,ProductB,2025-05-01,28.0,3.0
4676.0,195,ProductB,2025-08-01,68.0,16.0
340.0,15,ProductA,2025-04-01,2.0,0.0
3233.0,135,ProductB,2025-05-01,22.0,4.0
1372.0,58,ProductA,,37.0,8.0
2515.0,105,ProductB,07/01/2025,38.0,8.0
2606.0,109,ProductB,2025-02-01,48.0,
1104.0,46,ProductB,2025-12-01,15.0,1.0
2488.0,104,ProductB,2025-04-01,4.0,0.0
3872.0,162,ProductA,2025-08-01,58.0,10.0
1549.0,65,ProductB,2025-01-01,36.0,5.0
3455.0,144,ProductB,2025-11-01,35.0,8.0
,163,ProductA,2025-09-01,41.0,4.0
2637.0,110,ProductB,,24.0,3.0
2539.0,106,ProductB,2025-07-01,38.0,5.0
,180,ProductA,2025-12-01,52.0,11.0
3527.0,147,ProductB,2025-11-01,18.0,2.0
3192.0,133,ProductB,12/01/2025,22.0,2.0
353.0,15,ProductB,2025-05-01,9.0,1.0
,34,ProductA,2025-11-01,24.0,3.0
4379.0,183,,2025-11-01,17.0,3.0
1339.0,56,ProductB,2025-07-01,52.0,9.0
4251.0,178,ProductA,2025-03-01,43.0,5.0
2671.0,112,ProductA,2025-07-01,53.0,12.0
229.0,10,ProductB,2025-01-01,29.0,4.0
144.0,6,ProductB,2025-12-01,42.0,8.0
3087.0,129,ProductB,2025-03-01,18.0,2.0
1872.0,78,ProductB,2025-12-01,38.0,9.0
2978.0,125,ProductA,2025-02-01,39.0,7.0
4438.0,185,ProductB,2025-10-01,51.0,9.0
934.0,39,ProductB,2025-10-01,3.0,0.0
1534.0,64,,2025-10-01,39.0,7.0
56.0,3,ProductA,2025-08-01,34.0,4.0
2130.0,89,ProductB,2025-06-01,14.0,2.0
2832.0,118,ProductB,12/01/2025,26.0,3.0
2168.0,91,ProductA,2025-08-01,31.0,4.0
,170,ProductA,2025-10-01,26.0,5.0
4420.0,185,ProductA,2025-04-01,26.0,4.0
1140.0,48,ProductA,2025-12-01,40.0,7.0
,51,ProductB,2025-10-01,36.0,5.0
872.0,37,ProductA,2025-08-01,45.0,8.0
1116.0,47,ProductA,2025-12-01,54.0,8.0
1505.0,63,ProductB,2025-05-01,18.0,3.0
1781.0,75,ProductA,2025-05-01,7.0,1.0
3587.0,150,ProductA,11/01/2025,23.0,5.0
2681.0,112,ProductB,2025-05-01,30.0,3.0
3295.0,138,ProductA,2025-07-01,16.0,1.0
74.0,4,ProductA,2025-02-01,,10.0
4306.0,180,ProductA,2025-10-01,53.0,11.0
2862.0,120,ProductA,2025-06-01,42.0,4.0
3238.0,135,ProductB,2025-10-01,27.0,5.0
3978.0,166,ProductB,06/01/2025,,5.0
,188,ProductB,07/01/2025,,3.0
2512.0,105,ProductB,2025-04-01,33.0,7.0
3610.0,151,,2025-10-01,25.0,5.0
2469.0,103,ProductB,2025-09-01,25.0,4.0
2293.0,96,ProductB,2025-01-01,8.0,1.0
271.0,12,ProductA,2025-07-01,22.0,5.0
1115.0,47,ProductA,2025-11-01,46.0,9.0
1132.0,48,ProductA,2025-04-01,34.0,5.0
2272.0,95,ProductB,2025-04-01,,3.0
1659.0,70,,2025-03-01,20.0,2.0
3005.0,126,ProductA,2025-05-01,79.0,14.0
3551.0,148,ProductB,2025-11-01,5.0,0.0
1073.0,45,,2025-05-01,13.0,3.0
3775.0,158,ProductA,2025-07-01,38.0,6.0
88.0,4,ProductB,2025-04-01,,12.0
3037.0,127,,2025-01-01,4.0,0.0
3028.0,127,ProductA,2025-04-01,10.0,2.0
3179.0,133,ProductA,2025-11-01,27.0,5.0
3612.0,151,ProductA,2025-12-01,20.0,2.0
330.0,14,ProductB,2025-06-01,11.0,1.0
93.0,4,ProductB,2025-09-01,78.0,15.0
2060.0,86,ProductB,2025-08-01,42.0,5.0
3771.0,158,ProductA,2025-03-01,32.0,6.0
2362.0,99,ProductA,2025-10-01,41.0,9.0
183.0,8,ProductB,2025-03-01,26.0,4.0
2404.0,101,ProductA,2025-04-01,17.0,2.0
4484.0,187,ProductB,2025-08-01,36.0,3.0
3201.0,134,ProductA,2025-09-01,,4.0
3296.0,138,ProductA,2025-08-01,14.0,1.0
4695.0,196,ProductB,2025-03-01,28.0,3.0
2688.0,112,ProductB,,41.0,8.0
2843.0,119,,2025-11-01,51.0,7.0
1109.0,47,ProductA,05/01/2025,22.0,4.0
345.0,15,ProductA,2025-09-01,1.0,0.0
3527.0,147,ProductB,2025-11-01,18.0,2.0
53.0,3,ProductA,2025-05-01,29.0,4.0
4249.0,178,ProductA,2025-01-01,31.0,6.0
3667.0,153,ProductB,,17.0,2.0
1336.0,56,ProductB,2025-04-01,45.0,4.0
2496.0,104,ProductB,2025-12-01,8.0,1.0
2492.0,104,ProductB,2025-08-01,5.0,0.0
3441.0,144,ProductA,2025-09-01,33.0,6.0
2643.0,111,ProductA,2025-03-01,6.0,1.0
847.0,36,ProductA,,16.0,
2562.0,107,ProductB,2025-06-01,108.0,26.0
3097.0,130,ProductA,2025-01-01,15.0,2.0
3499.0,146,ProductB,2025-07-01,,4.0
3321.0,139,ProductA,2025-09-01,47.0,6.0
403.0,17,ProductB,2025-07-01,27.0,3.0
2221.0,93,ProductB,01/01/2025,18.0,3.0
3029.0,127,ProductA,05/01/2025,15.0,3.0
890.0,38,,02/01/2025,0.0,0.0
4409.0,184,ProductB,2025-05-01,42.0,5.0
1468.0,62,ProductA,2025-04-01,30.0,6.0
1498.0,63,ProductA,2025-10-01,6.0,1.0
,142,ProductB,2025-08-01,31.0,7.0
2532.0,106,ProductA,2025-12-01,52.0,10.0
3202.0,134,ProductA,2025-10-01,42.0,8.0
1635.0,69,ProductA,03/01/2025,,3.0
4233.0,177,ProductA,2025-09-01,51.0,12.0
4545.0,190,ProductA,2025-09-01,0.0,0.0
1147.0,48,ProductB,2025-07-01,47.0,8.0
761.0,32,ProductB,2025-05-01,84.0,14.0
206.0,9,ProductB,2025-02-01,26.0,2.0
4254.0,178,,2025-06-01,62.0,13.0
2552.0,107,ProductA,2025-08-01,85.0,17.0
1158.0,49,ProductA,2025-06-01,,6.0
1197.0,50,ProductB,2025-09-01,9.0,1.0
2270.0,95,ProductB,2025-02-01,14.0,3.0
2869.0,120,ProductB,2025-01-01,37.0,5.0
65.0,3,ProductB,2025-05-01,35.0,8.0
4145.0,173,ProductB,2025-05-01,32.0,5.0
698.0,30,ProductA,2025-02-01,16.0,2.0
2055.0,86,ProductB,,28.0,3.0
771.0,33,ProductA,2025-03-01,32.0,7.0
3018.0,126,ProductB,2025-06-01,73.0,8.0
2317.0,97,ProductB,2025-01-01,28.0,5.0
2289.0,96,ProductA,09/01/2025,3.0,0.0
4559.0,190,ProductB,2025-11-01,6.0,0.0
472.0,20,ProductB,2025-04-01,11.0,1.0
1646.0,69,ProductB,02/01/2025,19.0,3.0
3282.0,137,ProductB,2025-06-01,24.0,2.0
571.0,24,ProductB,2025-07-01,21.0,4.0
917.0,39,ProductA,2025-05-01,4.0,0.0
272.0,12,ProductA,2025-08-01,23.0,4.0
4713.0,197,ProductA,2025-09-01,34.0,8.0
1995.0,84,ProductA,2025-03-01,,2.0
582.0,25,ProductA,2025-06-01,39.0,
833.0,35,ProductB,,46.0,10.0
3725.0,156,ProductA,2025-05-01,19.0,3.0
1069.0,45,ProductB,2025-01-01,12.0,1.0
3180.0,133,ProductA,2025-12-01,27.0,5.0
,181,ProductB,2025-11-01,54.0,6.0
3220.0,135,ProductA,2025-04-01,18.0,3.0
1029.0,43,ProductB,2025-09-01,33.0,5.0
781.0,33,ProductB,2025-01-01,29.0,6.0
1401.0,59,ProductA,2025-09-01,43.0,10.0
3265.0,137,ProductA,2025-01-01,19.0,2.0
3241.0,136,ProductA,2025-01-01,42.0,7.0
,61,ProductB,02/01/2025,14.0,2.0
1392.0,58,ProductB,2025-12-01,25.0,5.0
2299.0,96,ProductB,2025-07-01,2.0,0.0
1953.0,82,ProductA,2025-09-01,39.0,4.0
3921.0,164,ProductA,09/01/2025,11.0,1.0
3304.0,138,,2025-04-01,21.0,
4209.0,176,ProductA,2025-09-01,58.0,12.0
3051.0,128,ProductA,2025-03-01,10.0,2.0
3993.0,167,ProductA,2025-09-01,37.0,7.0
,88,ProductB,2025-08-01,58.0,7.0
4349.0,182,ProductA,05/01/2025,11.0,1.0
3041.0,127,ProductB,2025-05-01,1.0,0.0
2397.0,100,ProductB,,33.0,7.0
2988.0,125,ProductA,2025-12-01,79.0,18.0
3406.0,142,ProductB,2025-10-01,37.0,6.0
602.0,26,ProductA,2025-02-01,23.0,2.0
69.0,3,ProductB,2025-09-01,39.0,4.0
3683.0,154,,2025-11-01,31.0,3.0
1539.0,65,ProductA,2025-03-01,49.0,9.0
612.0,26,ProductA,,37.0,6.0
2982.0,125,ProductA,2025-06-01,58.0,9.0
,167,ProductA,2025-08-01,32.0,3.0
621.0,26,ProductB,2025-09-01,21.0,4.0
,38,ProductA,05/01/2025,6.0,1.0
4201.0,176,ProductA,2025-01-01,24.0,5.0
3060.0,128,ProductA,12/01/2025,24.0,4.0
4667.0,195,,2025-11-01,65.0,13.0
699.0,30,,2025-03-01,17.0,2.0
2987.0,125,ProductA,2025-11-01,70.0,14.0
3648.0,152,ProductB,2025-12-01,26.0,4.0
2403.0,101,ProductA,2025-03-01,15.0,2.0
3271.0,137,ProductA,2025-07-01,27.0,5.0
2947.0,123,ProductB,2025-07-01,18.0,2.0
1571.0,66,ProductA,2025-11-01,78.0,17.0
4611.0,193,ProductA,2025-03-01,22.0,4.0
3636.0,152,ProductA,2025-12-01,11.0,
2478.0,104,ProductA,2025-06-01,16.0,2.0
635.0,27,ProductA,2025-11-01,19.0,4.0
842.0,36,ProductA,02/01/2025,8.0,1.0
2253.0,94,ProductB,2025-09-01,32.0,5.0
2648.0,111,ProductA,2025-08-01,0.0,0.0
4687.0,196,ProductA,2025-07-01,32.0,3.0
1912.0,80,ProductB,2025-04-01,,0.0
443.0,19,ProductA,,25.0,5.0
4682.0,196,ProductA,2025-02-01,21.0,5.0
968.0,41,ProductA,2025-08-01,,3.0
1772.0,74,ProductB,2025-08-01,36.0,7.0
2572.0,108,ProductA,2025-04-01,49.0,
632.0,27,ProductA,08/01/2025,13.0,1.0
1972.0,83,ProductA,2025-04-01,34.0,6.0
2251.0,94,ProductB,2025-07-01,30.0,3.0
4745.0,198,ProductB,2025-05-01,20.0,
3618.0,151,ProductB,2025-06-01,27.0,4.0
1337.0,56,ProductB,2025-05-01,48.0,7.0
3613.0,151,ProductB,2025-01-01,27.0,6.0
4206.0,176,ProductA,2025-06-01,52.0,6.0
4494.0,188,ProductA,2025-06-01,24.0,5.0
627.0,27,ProductA,2025-03-01,19.0,3.0
3794.0,159,ProductA,2025-02-01,13.0,3.0
3603.0,151,ProductA,2025-03-01,28.0,4.0
1152.0,48,ProductB,2025-12-01,54.0,5.0
1448.0,61,ProductA,2025-08-01,20.0,3.0
1757.0,74,ProductA,2025-05-01,47.0,8.0
4415.0,184,ProductB,2025-11-01,97.0,12.0
2400.0,100,ProductB,2025-12-01,40.0,9.0
3739.0,156,ProductB,2025-07-01,17.0,
3146.0,132,ProductA,2025-02-01,29.0,5.0
3147.0,132,ProductA,2025-03-01,40.0,9.0
1398.0,59,ProductA,2025-06-01,32.0,7.0
4418.0,185,ProductA,2025-02-01,29.0,3.0
750.0,32,ProductA,2025-06-01,,7.0
1563.0,66,ProductA,2025-03-01,43.0,7.0
1625.0,68,ProductB,2025-05-01,45.0,10.0
4300.0,180,ProductA,2025-04-01,31.0,7.0
2886.0,121,ProductA,06/01/2025,39.0,4.0
1606.0,67,ProductB,2025-10-01,45.0,10.0
3628.0,152,ProductA,2025-04-01,8.0,1.0
3000.0,125,ProductB,2025-12-01,89.0,8.0
2841.0,119,,2025-09-01,31.0,4.0
2322.0,97,ProductB,2025-06-01,25.0,5.0
714.0,30,ProductB,2025-06-01,16.0,2.0
453.0,19,ProductB,2025-09-01,6.0,0.0
2088.0,87,ProductB,2025-12-01,75.0,18.0
3973.0,166,ProductB,,25.0,3.0
2568.0,107,ProductB,2025-12-01,181.0,44.0
4461.0,186,ProductB,2025-09-01,22.0,3.0
2018.0,85,ProductA,2025-02-01,10.0,1.0
816.0,34,ProductB,12/01/2025,25.0,3.0
649.0,28,ProductA,2025-01-01,24.0,5.0
1228.0,52,ProductA,2025-04-01,,5.0
4049.0,169,ProductB,2025-05-01,46.0,9.0
733.0,31,ProductB,2025-01-01,13.0,2.0
238.0,10,ProductB,2025-10-01,46.0,5.0
3892.0,163,ProductA,2025-04-01,40.0,6.0
,101,ProductA,2025-08-01,23.0,4.0
2399.0,100,ProductB,2025-11-01,38.0,6.0
4250.0,178,ProductA,2025-02-01,36.0,8.0
1773.0,74,ProductB,2025-09-01,35.0,4.0
3913.0,164,ProductA,2025-01-01,16.0,3.0
2142.0,90,ProductA,2025-06-01,28.0,5.0
2097.0,88,ProductA,2025-09-01,32.0,3.0
192.0,8,ProductB,2025-12-01,63.0,10.0
4042.0,169,ProductA,2025-10-01,24.0,5.0
,80,ProductB,12/01/2025,0.0,0.0
4311.0,180,ProductB,,49.0,6.0
4293.0,179,ProductB,2025-09-01,15.0,3.0
1301.0,55,ProductA,2025-05-01,59.0,
4004.0,167,,2025-08-01,50.0,10.0
2104.0,88,ProductB,2025-04-01,38.0,5.0
1466.0,62,ProductA,2025-02-01,20.0,4.0
1462.0,61,ProductB,2025-10-01,21.0,3.0
1597.0,67,ProductB,01/01/2025,21.0,2.0
1380.0,58,ProductA,2025-12-01,43.0,4.0
2574.0,108,ProductA,2025-06-01,46.0,8.0
,24,,2025-02-01,14.0,
,18,ProductA,,35.0,5.0
178.0,8,ProductA,2025-10-01,92.0,16.0
2824.0,118,ProductB,2025-04-01,12.0,2.0
4182.0,175,ProductA,2025-06-01,34.0,8.0
89.0,4,ProductB,2025-05-01,64.0,8.0
,174,ProductB,2025-11-01,30.0,6.0
171.0,8,ProductA,2025-03-01,40.0,5.0
427.0,18,ProductB,2025-07-01,35.0,7.0
3071.0,128,ProductB,2025-11-01,11.0,2.0
,78,ProductA,2025-09-01,48.0,10.0
4305.0,180,ProductA,2025-09-01,46.0,9.0
12.0,1,ProductA,2025-12-01,129.0,21.0
3780.0,158,ProductA,2025-12-01,46.0,
3758.0,157,ProductB,,38.0,4.0
4170.0,174,ProductB,2025-06-01,27.0,3.0
103.0,5,ProductA,2025-07-01,10.0,1.0
3297.0,138,ProductA,2025-09-01,9.0,0.0
739.0,31,ProductB,07/01/2025,18.0,4.0
3500.0,146,ProductB,2025-08-01,33.0,4.0
3716.0,155,ProductB,2025-08-01,43.0,5.0
3567.0,149,ProductB,2025-03-01,35.0,8.0
136.0,6,ProductB,2025-04-01,27.0,4.0
131.0,6,ProductA,11/01/2025,37.0,4.0
4493.0,188,ProductA,2025-05-01,25.0,5.0
3523.0,147,ProductB,2025-07-01,12.0,1.0
4797.0,200,ProductB,2025-09-01,17.0,3.0
2341.0,98,ProductB,2025-01-01,25.0,3.0
3034.0,127,ProductA,2025-10-01,15.0,2.0
4252.0,178,ProductA,2025-04-01,48.0,6.0
649.0,28,ProductA,2025-01-01,24.0,5.0
2325.0,97,ProductB,2025-09-01,21.0,3.0
3890.0,163,ProductA,2025-02-01,42.0,6.0
1821.0,76,ProductB,2025-09-01,39.0,5.0
2894.0,121,ProductB,2025-02-01,32.0,7.0
,13,ProductA,2025-08-01,52.0,7.0
2773.0,116,ProductB,2025-01-01,23.0,4.0
1445.0,61,ProductA,2025-05-01,20.0,4.0
37.0,2,ProductB,2025-01-01,21.0,2.0
2064.0,86,ProductB,2025-12-01,47.0,4.0
169.0,8,ProductA,2025-01-01,35.0,7.0
4013.0,168,ProductA,2025-05-01,56.0,6.0
2627.0,110,ProductA,2025-11-01,41.0,7.0
,146,ProductB,2025-11-01,31.0,5.0
4664.0,195,ProductA,2025-08-01,53.0,11.0
999.0,42,,2025-03-01,21.0,2.0
253.0,11,ProductB,2025-01-01,13.0,3.0
3454.0,144,ProductB,10/01/2025,30.0,5.0
3838.0,160,,2025-10-01,44.0,9.0
2174.0,91,ProductB,2025-02-01,29.0,3.0
708.0,30,ProductA,2025-12-01,15.0,1.0
2457.0,103,ProductA,2025-09-01,24.0,4.0
4338.0,181,ProductB,2025-06-01,32.0,3.0
3597.0,150,ProductB,2025-09-01,30.0,3.0
2822.0,118,ProductB,2025-02-01,13.0,2.0
4116.0,172,ProductA,2025-12-01,29.0,
1680.0,70,ProductB,2025-12-01,28.0,3.0
1615.0,68,ProductA,07/01/2025,62.0,15.0
913.0,39,ProductA,2025-01-01,7.0,1.0
3173.0,133,ProductA,2025-05-01,18.0,2.0
1053.0,44,ProductB,2025-09-01,13.0,1.0
3704.0,155,ProductA,2025-08-01,41.0,4.0
1205.0,51,ProductA,2025-05-01,35.0,5.0
2475.0,104,ProductA,2025-03-01,19.0,3.0
2109.0,88,ProductB,09/01/2025,60.0,7.0
399.0,17,ProductB,2025-03-01,17.0,2.0
506.0,22,ProductA,2025-02-01,23.0,3.0
4333.0,181,ProductB,2025-01-01,,6.0
2580.0,108,ProductA,2025-12-01,69.0,11.0
749.0,32,ProductA,2025-05-01,64.0,11.0
4385.0,183,ProductB,2025-05-01,0.0,0.0
2354.0,99,ProductA,2025-02-01,26.0,5.0
1504.0,63,ProductB,04/01/2025,19.0,3.0
3836.0,160,ProductB,2025-08-01,44.0,7.0
471.0,20,ProductB,2025-03-01,16.0,2.0
4092.0,171,ProductA,2025-12-01,10.0,1.0
1443.0,61,ProductA,2025-03-01,21.0,3.0
3268.0,137,ProductA,2025-04-01,29.0,
1347.0,57,ProductA,2025-03-01,18.0,
286.0,12,ProductB,2025-10-01,23.0,5.0
2851.0,119,ProductB,,33.0,7.0
298.0,13,ProductA,2025-10-01,63.0,6.0
3405.0,142,ProductB,,31.0,4.0
216.0,9,,2025-12-01,34.0,6.0
543.0,23,ProductB,03/01/2025,25.0,3.0
1979.0,83,ProductA,2025-11-01,39.0,6.0
1874.0,79,ProductA,2025-02-01,16.0,1.0
3840.0,160,ProductB,12/01/2025,46.0,4.0
2764.0,116,ProductA,2025-04-01,28.0,5.0
845.0,36,ProductA,2025-05-01,13.0,
4138.0,173,ProductA,2025-10-01,36.0,4.0
1741.0,73,ProductB,2025-01-01,,
572.0,24,ProductB,2025-08-01,19.0,
,59,ProductB,2025-09-01,62.0,14.0
3077.0,129,ProductA,2025-05-01,28.0,5.0
2214.0,93,,,19.0,3.0
2300.0,96,ProductB,2025-08-01,4.0,0.0
3691.0,154,ProductB,2025-07-01,,8.0
4466.0,187,ProductA,2025-02-01,27.0,5.0
811.0,34,ProductB,2025-07-01,17.0,2.0
2094.0,88,ProductA,2025-06-01,37.0,8.0
546.0,23,ProductB,06/01/2025,32.0,3.0
1190.0,50,ProductB,2025-02-01,6.0,1.0
57.0,3,ProductA,2025-09-01,38.0,7.0
775.0,33,ProductA,2025-07-01,50.0,9.0
4268.0,178,ProductB,2025-08-01,66.0,8.0
162.0,7,ProductB,2025-06-01,38.0,5.0
1719.0,72,ProductB,2025-03-01,62.0,7.0
915.0,39,ProductA,2025-03-01,6.0,1.0
3485.0,146,ProductA,,48.0,7.0
3798.0,159,ProductA,,10.0,1.0
1599.0,67,ProductB,2025-03-01,26.0,3.0
2054.0,86,ProductB,2025-02-01,23.0,3.0
2105.0,88,,2025-05-01,39.0,8.0
2544.0,106,,2025-12-01,42.0,10.0
2504.0,105,ProductA,2025-08-01,26.0,3.0
561.0,24,ProductA,2025-09-01,20.0,3.0
1312.0,55,ProductB,2025-04-01,68.0,16.0
2022.0,85,ProductA,2025-06-01,26.0,3.0
4702.0,196,ProductB,2025-10-01,26.0,4.0
3497.0,146,ProductB,2025-05-01,33.0,3.0
3323.0,139,ProductA,2025-11-01,56.0,11.0
4614.0,193,ProductA,2025-06-01,26.0,5.0
1853.0,78,ProductA,2025-05-01,33.0,5.0
495.0,21,ProductB,2025-03-01,26.0,3.0
1997.0,84,ProductA,2025-05-01,19.0,3.0
2516.0,105,ProductB,2025-08-01,38.0,5.0
2632.0,110,ProductB,2025-04-01,17.0,4.0
2178.0,91,ProductB,2025-06-01,43.0,7.0
4717.0,197,ProductB,2025-01-01,19.0,
,96,ProductB,2025-06-01,6.0,0.0
1017.0,43,ProductA,2025-09-01,23.0,3.0
115.0,5,,2025-07-01,23.0,
3426.0,143,ProductB,2025-06-01,0.0,0.0
2290.0,96,ProductA,2025-10-01,1.0,0.0
4591.0,192,ProductA,2025-07-01,65.0,7.0
1409.0,59,ProductB,2025-05-01,42.0,8.0
407.0,17,ProductB,2025-11-01,29.0,3.0
4220.0,176,ProductB,2025-08-01,43.0,
2808.0,117,ProductB,2025-12-01,31.0,5.0
721.0,31,ProductA,2025-01-01,9.0,
1474.0,62,ProductA,2025-10-01,37.0,7.0
4056.0,169,ProductB,2025-12-01,53.0,12.0
587.0,25,ProductA,2025-11-01,54.0,12.0
428.0,18,ProductB,2025-08-01,43.0,
3009.0,126,ProductA,2025-09-01,134.0,22.0
909.0,38,ProductB,2025-09-01,0.0,0.0
4312.0,180,ProductB,2025-04-01,43.0,4.0
4304.0,180,ProductA,2025-08-01,47.0,6.0
1782.0,75,ProductA,2025-06-01,9.0,1.0
3642.0,152,ProductB,2025-06-01,26.0,6.0
693.0,29,ProductB,2025-09-01,15.0,2.0
4623.0,193,ProductB,2025-03-01,30.0,4.0
1360.0,57,ProductB,2025-04-01,12.0,1.0
1899.0,80,ProductA,2025-03-01,1.0,0.0
3434.0,144,ProductA,2025-02-01,34.0,4.0
2732.0,114,ProductB,2025-08-01,145.0,15.0
4055.0,169,ProductB,2025-11-01,53.0,11.0
3078.0,129,ProductA,2025-06-01,25.0,4.0
172.0,8,ProductA,2025-04-01,49.0,6.0
3347.0,140,ProductA,2025-11-01,3.0,0.0
152.0,7,ProductA,2025-08-01,46.0,10.0
3847.0,161,ProductA,2025-07-01,34.0,4.0
898.0,38,ProductA,2025-10-01,13.0,2.0
2204.0,92,ProductB,08/01/2025,53.0,11.0
,120,ProductB,2025-05-01,39.0,8.0
1224.0,51,ProductB,2025-12-01,35.0,5.0
3524.0,147,ProductB,2025-08-01,,2.0
2134.0,89,ProductB,2025-10-01,10.0,1.0
1711.0,72,ProductA,2025-07-01,129.0,
4644.0,194,ProductA,2025-12-01,7.0,1.0
4011.0,168,ProductA,2025-03-01,45.0,8.0
1006.0,42,ProductB,2025-10-01,22.0,3.0
2172.0,91,ProductA,2025-12-01,31.0,3.0
3274.0,137,ProductA,10/01/2025,24.0,2.0
644.0,27,ProductB,,6.0,1.0
1602.0,67,ProductB,2025-06-01,32.0,3.0
4155.0,174,ProductA,2025-03-01,23.0,2.0
3671.0,153,ProductB,11/01/2025,23.0,4.0
3773.0,158,ProductA,,32.0,5.0
1791.0,75,ProductB,03/01/2025,3.0,0.0
779.0,33,ProductA,2025-11-01,,12.0
2460.0,103,ProductA,12/01/2025,33.0,5.0
1709.0,72,ProductA,2025-05-01,92.0,17.0
4768.0,199,ProductB,2025-04-01,25.0,5.0
3709.0,155,ProductB,2025-01-01,22.0,3.0
2084.0,87,ProductB,08/01/2025,69.0,10.0
3331.0,139,ProductB,2025-07-01,29.0,3.0
,157,ProductB,2025-04-01,47.0,5.0
228.0,10,ProductA,2025-12-01,27.0,
3144.0,131,ProductB,2025-12-01,2.0,0.0
3483.0,146,ProductA,2025-03-01,,11.0
3428.0,143,ProductB,2025-08-01,0.0,0.0
2717.0,114,ProductA,2025-05-01,108.0,18.0
851.0,36,ProductA,2025-11-01,16.0,1.0
2950.0,123,ProductB,2025-10-01,23.0,2.0
303.0,13,ProductB,2025-03-01,22.0,3.0
2748.0,115,ProductA,2025-12-01,31.0,4.0
4152.0,173,ProductB,12/01/2025,46.0,4.0
2905.0,122,ProductA,2025-01-01,9.0,1.0
4094.0,171,ProductB,2025-02-01,17.0,1.0
1902.0,80,ProductA,2025-06-01,0.0,0.0
4061.0,170,ProductA,2025-05-01,18.0,1.0
1954.0,82,ProductA,2025-10-01,,5.0
1032.0,43,ProductB,12/01/2025,35.0,3.0
4601.0,192,ProductB,,56.0,7.0
3815.0,159,ProductB,2025-11-01,8.0,1.0
4017.0,168,ProductA,2025-09-01,71.0,10.0
4690.0,196,ProductA,2025-10-01,37.0,3.0
2424.0,101,,2025-12-01,3.0,0.0
4246.0,177,ProductB,2025-10-01,57.0,9.0
3563.0,149,ProductA,2025-11-01,47.0,10.0
4123.0,172,ProductB,2025-07-01,22.0,4.0
3320.0,139,ProductA,2025-08-01,47.0,7.0
764.0,32,ProductB,2025-08-01,81.0,17.0
2701.0,113,ProductB,2025-01-01,17.0,2.0
3.0,1,ProductA,2025-03-01,38.0,8.0
4501.0,188,ProductB,2025-01-01,23.0,3.0
1188.0,50,ProductA,2025-12-01,6.0,1.0
3619.0,151,ProductB,2025-07-01,25.0,2.0
994.0,42,ProductA,2025-10-01,32.0,4.0
3858.0,161,ProductB,2025-06-01,13.0,2.0
2806.0,117,,2025-10-01,36.0,8.0
3137.0,131,ProductB,2025-05-01,1.0,0.0
4750.0,198,ProductB,2025-10-01,21.0,3.0
4126.0,172,ProductB,2025-10-01,31.0,3.0
209.0,9,ProductB,2025-05-01,23.0,3.0
956.0,40,ProductB,2025-08-01,27.0,5.0
4671.0,195,ProductB,03/01/2025,41.0,5.0
2951.0,123,ProductB,2025-11-01,21.0,2.0
3929.0,164,ProductB,2025-05-01,12.0,1.0
2626.0,110,ProductA,2025-10-01,38.0,6.0
,94,ProductB,,40.0,7.0
1698.0,71,ProductB,2025-06-01,38.0,8.0
3690.0,154,ProductB,2025-06-01,32.0,7.0
67.0,3,ProductB,2025-07-01,30.0,3.0
1061.0,45,ProductA,2025-05-01,13.0,2.0
2904.0,121,ProductB,2025-12-01,,7.0
2601.0,109,ProductA,2025-09-01,39.0,4.0
1589.0,67,ProductA,2025-05-01,,4.0
1319.0,55,ProductB,2025-11-01,132.0,23.0
411.0,18,ProductA,2025-03-01,33.0,8.0
,146,ProductA,2025-12-01,,7.0
2795.0,117,ProductA,2025-11-01,44.0,6.0
809.0,34,ProductB,2025-05-01,17.0,2.0
2813.0,118,ProductA,2025-05-01,20.0,4.0
114.0,5,ProductB,06/01/2025,24.0,5.0
,10,ProductB,07/01/2025,,6.0
1780.0,75,ProductA,2025-04-01,,1.0
2877.0,120,ProductB,2025-09-01,44.0,5.0
1378.0,58,ProductA,2025-10-01,47.0,10.0
841.0,36,ProductA,2025-01-01,8.0,0.0
1416.0,59,ProductB,,73.0,14.0
1226.0,52,ProductA,2025-02-01,21.0,4.0
390.0,17,ProductA,06/01/2025,12.0,2.0
1613.0,68,ProductA,2025-05-01,62.0,12.0
2689.0,113,ProductA,2025-01-01,14.0,2.0
,195,ProductB,2025-01-01,,4.0
1412.0,59,ProductB,2025-08-01,52.0,9.0
528.0,22,ProductB,12/01/2025,25.0,5.0
1436.0,60,ProductB,2025-08-01,70.0,12.0
386.0,17,ProductA,2025-02-01,12.0,2.0
3572.0,149,ProductB,2025-08-01,50.0,
1832.0,77,ProductA,08/01/2025,51.0,7.0
2261.0,95,ProductA,2025-05-01,15.0,3.0
4168.0,174,ProductB,04/01/2025,26.0,4.0
1492.0,63,ProductA,,13.0,2.0
963.0,41,ProductA,2025-03-01,33.0,6.0
410.0,18,ProductA,2025-02-01,35.0,4.0
,128,ProductA,06/01/2025,13.0,
1633.0,69,ProductA,2025-01-01,33.0,7.0
788.0,33,ProductB,2025-08-01,47.0,5.0
3169.0,133,ProductA,2025-01-01,9.0,1.0
1344.0,56,ProductB,2025-12-01,76.0,13.0
3367.0,141,ProductA,2025-07-01,21.0,2.0
951.0,40,ProductB,2025-03-01,19.0,3.0
3096.0,129,ProductB,2025-12-01,48.0,7.0
4748.0,198,ProductB,08/01/2025,17.0,3.0
3807.0,159,ProductB,2025-03-01,16.0,3.0
4511.0,188,ProductB,2025-11-01,27.0,6.0
4231.0,177,ProductA,2025-07-01,40.0,9.0
24.0,1,ProductB,2025-12-01,170.0,30.0
3796.0,159,ProductA,2025-04-01,13.0,3.0
526.0,22,ProductB,10/01/2025,27.0,5.0
3427.0,143,ProductB,2025-07-01,0.0,0.0
4503.0,188,ProductB,2025-03-01,32.0,7.0
1566.0,66,ProductA,,39.0,7.0
1174.0,49,ProductB,2025-10-01,13.0,1.0
1805.0,76,ProductA,2025-05-01,25.0,3.0
2106.0,88,ProductB,06/01/2025,46.0,4.0
1126.0,47,ProductB,2025-10-01,64.0,14.0
1230.0,52,ProductA,2025-06-01,28.0,5.0
,100,ProductA,2025-11-01,36.0,6.0
2274.0,95,ProductB,06/01/2025,12.0,2.0
4323.0,181,ProductA,2025-03-01,25.0,5.0
3640.0,152,ProductB,2025-04-01,26.0,3.0
4.0,1,ProductA,2025-04-01,44.0,
309.0,13,,2025-09-01,,4.0
400.0,17,ProductB,2025-04-01,16.0,3.0
2136.0,89,ProductB,2025-12-01,12.0,1.0
4520.0,189,ProductA,2025-08-01,6.0,0.0
2834.0,119,ProductA,02/01/2025,31.0,6.0
2420.0,101,ProductB,2025-08-01,8.0,1.0
2860.0,120,ProductA,,35.0,8.0
2716.0,114,ProductA,2025-04-01,91.0,15.0
2719.0,114,ProductA,07/01/2025,152.0,29.0
259.0,11,ProductB,07/01/2025,19.0,2.0
4615.0,193,ProductA,2025-07-01,24.0,5.0
1432.0,60,ProductB,2025-04-01,56.0,13.0
489.0,21,ProductA,2025-09-01,24.0,3.0
836.0,35,ProductB,2025-08-01,64.0,
3257.0,136,ProductB,05/01/2025,60.0,9.0
2530.0,106,ProductA,10/01/2025,58.0,6.0
3099.0,130,,2025-03-01,13.0,2.0
3788.0,158,ProductB,2025-08-01,51.0,10.0
2033.0,85,ProductB,2025-05-01,9.0,2.0
1870.0,78,ProductB,2025-10-01,47.0,5.0
2781.0,116,ProductB,2025-09-01,41.0,5.0
,115,ProductB,2025-09-01,13.0,1.0
2031.0,85,,2025-03-01,8.0,1.0
1940.0,81,ProductB,2025-08-01,31.0,6.0
969.0,41,ProductA,2025-09-01,34.0,5.0
3247.0,136,ProductA,2025-07-01,57.0,14.0
,156,ProductB,2025-08-01,16.0,2.0
1915.0,80,ProductB,2025-07-01,0.0,0.0
4576.0,191,ProductB,2025-04-01,21.0,3.0
4060.0,170,ProductA,2025-04-01,20.0,2.0
1374.0,58,ProductA,2025-06-01,31.0,4.0
2586.0,108,ProductB,2025-06-01,28.0,5.0
4736.0,198,ProductA,2025-08-01,39.0,5.0
4255.0,178,ProductA,2025-07-01,72.0,17.0
3712.0,155,ProductB,2025-04-01,31.0,3.0
787.0,33,ProductB,2025-07-01,47.0,11.0
912.0,38,ProductB,2025-12-01,0.0,0.0
96.0,4,ProductB,2025-12-01,79.0,8.0
382.0,16,ProductB,2025-10-01,10.0,1.0
1581.0,66,ProductB,2025-09-01,60.0,7.0
4566.0,191,ProductA,2025-06-01,24.0,5.0
953.0,40,ProductB,,17.0,3.0
1510.0,63,ProductB,,16.0,2.0
2089.0,88,ProductA,2025-01-01,29.0,6.0
4732.0,198,ProductA,2025-04-01,36.0,8.0
736.0,31,,2025-04-01,18.0,1.0
1367.0,57,ProductB,2025-11-01,11.0,2.0
388.0,17,ProductA,2025-04-01,14.0,3.0
1916.0,80,ProductB,2025-08-01,0.0,0.0
469.0,20,ProductB,2025-01-01,,1.0
3326.0,139,ProductB,2025-02-01,27.0,3.0
1873.0,79,ProductA,2025-01-01,19.0,2.0
3163.0,132,ProductB,2025-07-01,19.0,3.0
4572.0,191,ProductA,2025-12-01,29.0,7.0
1557.0,65,ProductB,2025-09-01,51.0,12.0
2007.0,84,ProductB,2025-03-01,12.0,1.0
3715.0,155,ProductB,2025-07-01,46.0,6.0
,85,ProductB,2025-11-01,7.0,0.0
1905.0,80,ProductA,2025-09-01,0.0,0.0
740.0,31,ProductB,,18.0,2.0
4586.0,192,ProductA,2025-02-01,44.0,10.0
509.0,22,ProductA,2025-05-01,34.0,6.0
792.0,33,ProductB,2025-12-01,57.0,12.0
3459.0,145,ProductA,03/01/2025,26.0,4.0
970.0,41,ProductA,2025-10-01,35.0,7.0
2176.0,91,ProductB,2025-04-01,,10.0
2139.0,90,ProductA,03/01/2025,30.0,4.0
2981.0,125,ProductA,2025-05-01,51.0,9.0
31.0,2,ProductA,2025-07-01,48.0,10.0
350.0,15,ProductB,2025-02-01,10.0,1.0
4104.0,171,ProductB,2025-12-01,13.0,2.0
4393.0,184,ProductA,2025-01-01,34.0,5.0
2738.0,115,ProductA,2025-02-01,20.0,2.0
2016.0,84,ProductB,2025-12-01,4.0,0.0
3416.0,143,ProductA,2025-08-01,20.0,3.0
3764.0,157,ProductB,2025-08-01,34.0,6.0
1743.0,73,ProductB,2025-03-01,23.0,2.0
2191.0,92,ProductA,2025-07-01,35.0,6.0
240.0,10,ProductB,2025-12-01,50.0,9.0
2437.0,102,ProductB,2025-01-01,11.0,1.0
1418.0,60,ProductA,2025-02-01,41.0,8.0
2001.0,84,ProductA,2025-09-01,14.0,
3226.0,135,ProductA,2025-10-01,19.0,2.0
1114.0,47,ProductA,2025-10-01,48.0,9.0
633.0,27,ProductA,2025-09-01,15.0,1.0
967.0,41,ProductA,2025-07-01,37.0,6.0
319.0,14,ProductA,2025-07-01,0.0,0.0
4694.0,196,ProductB,2025-02-01,27.0,5.0
1986.0,83,ProductB,2025-06-01,49.0,10.0
2135.0,89,ProductB,2025-11-01,13.0,3.0
1233.0,52,ProductA,2025-09-01,26.0,3.0
2778.0,116,ProductB,2025-06-01,36.0,6.0
2900.0,121,ProductB,2025-08-01,34.0,5.0
3759.0,157,ProductB,2025-03-01,45.0,9.0
4548.0,190,ProductA,2025-12-01,0.0,0.0
3199.0,134,ProductA,2025-07-01,43.0,5.0
4389.0,183,ProductB,2025-09-01,8.0,1.0
1751.0,73,ProductB,2025-11-01,43.0,8.0
1127.0,47,ProductB,,62.0,14.0
2449.0,103,ProductA,2025-01-01,16.0,3.0
1475.0,62,ProductA,2025-11-01,45.0,4.0
742.0,31,ProductB,2025-10-01,27.0,2.0
791.0,33,ProductB,2025-11-01,57.0,7.0
2435.0,102,ProductA,2025-11-01,35.0,6.0
980.0,41,ProductB,2025-08-01,48.0,10.0
39.0,2,ProductB,2025-03-01,22.0,3.0
2480.0,104,ProductA,2025-08-01,18.0,3.0
2680.0,112,ProductB,2025-04-01,31.0,4.0
684.0,29,,,21.0,3.0
168.0,7,ProductB,2025-12-01,61.0,14.0
2390.0,100,ProductB,2025-02-01,23.0,2.0
4164.0,174,,2025-12-01,50.0,10.0
346.0,15,ProductA,2025-10-01,8.0,1.0
609.0,26,ProductA,2025-09-01,26.0,
3359.0,140,ProductB,2025-11-01,21.0,2.0
3471.0,145,ProductB,2025-03-01,37.0,7.0
1160.0,49,ProductA,2025-08-01,,4.0
2809.0,118,ProductA,01/01/2025,9.0,1.0
2207.0,92,ProductB,2025-11-01,74.0,16.0
2155.0,90,ProductB,2025-07-01,28.0,
918.0,39,ProductA,06/01/2025,,0.0
3313.0,139,ProductA,2025-01-01,40.0,5.0
1351.0,57,ProductA,2025-07-01,16.0,2.0
138.0,6,ProductB,,36.0,6.0
2323.0,97,ProductB,2025-07-01,27.0,3.0
4356.0,182,ProductA,2025-12-01,18.0,2.0
3595.0,150,ProductB,2025-07-01,28.0,4.0
3183.0,133,ProductB,2025-03-01,19.0,2.0
3516.0,147,ProductA,2025-12-01,5.0,1.0
3855.0,161,ProductB,2025-03-01,17.0,3.0
2868.0,120,ProductA,2025-12-01,47.0,10.0
2177.0,91,ProductB,2025-05-01,39.0,8.0
1246.0,52,ProductB,2025-10-01,17.0,2.0
2708.0,113,ProductB,2025-08-01,23.0,3.0
1971.0,83,ProductA,2025-03-01,37.0,7.0
2831.0,118,ProductB,2025-11-01,22.0,3.0
4133.0,173,ProductA,05/01/2025,23.0,2.0
933.0,39,ProductB,2025-09-01,2.0,0.0
667.0,28,ProductB,2025-07-01,8.0,1.0
762.0,32,ProductB,2025-06-01,82.0,12.0
578.0,25,ProductA,2025-02-01,28.0,
3641.0,152,ProductB,2025-05-01,29.0,3.0
3959.0,165,ProductB,2025-11-01,41.0,5.0
3920.0,164,ProductA,2025-08-01,11.0,2.0
128.0,6,ProductA,2025-08-01,36.0,8.0
1275.0,54,ProductA,2025-03-01,28.0,4.0
2444.0,102,ProductB,2025-08-01,15.0,2.0
3756.0,157,ProductA,2025-12-01,65.0,14.0
1775.0,74,ProductB,2025-11-01,36.0,5.0
4510.0,188,ProductB,10/01/2025,25.0,5.0
2665.0,112,ProductA,2025-01-01,28.0,6.0
1556.0,65,ProductB,2025-08-01,49.0,10.0
50.0,3,ProductA,2025-02-01,,2.0
854.0,36,ProductB,2025-02-01,11.0,2.0
1280.0,54,ProductA,2025-08-01,37.0,8.0
939.0,40,ProductA,2025-03-01,20.0,2.0
3570.0,149,ProductB,2025-06-01,,8.0
2335.0,98,ProductA,2025-07-01,34.0,3.0
3948.0,165,ProductA,2025-12-01,43.0,5.0
2009.0,84,,2025-05-01,6.0,1.0
3999.0,167,,03/01/2025,50.0,10.0
2043.0,86,ProductA,2025-03-01,25.0,2.0
,174,ProductB,2025-05-01,26.0,6.0
4106.0,172,,2025-02-01,,1.0
2782.0,116,ProductB,2025-10-01,48.0,6.0
3686.0,154,ProductB,2025-02-01,32.0,7.0
4414.0,184,ProductB,2025-10-01,86.0,17.0
1603.0,67,ProductB,2025-07-01,31.0,5.0
2711.0,113,ProductB,2025-11-01,28.0,
1404.0,59,ProductA,2025-12-01,44.0,7.0
4219.0,176,ProductB,2025-07-01,33.0,7.0
497.0,21,ProductB,,27.0,5.0
34.0,2,ProductA,2025-10-01,61.0,12.0
3136.0,131,ProductB,2025-04-01,1.0,0.0
3820.0,160,ProductA,2025-04-01,31.0,3.0
448.0,19,ProductB,2025-04-01,14.0,2.0
2014.0,84,ProductB,2025-10-01,4.0,0.0
1406.0,59,ProductB,2025-02-01,41.0,7.0
2056.0,86,ProductB,2025-04-01,31.0,6.0
2417.0,101,ProductB,2025-05-01,9.0,0.0
1927.0,81,ProductA,2025-07-01,19.0,
,190,ProductB,2025-12-01,6.0,0.0
3487.0,146,ProductA,2025-07-01,58.0,11.0
2213.0,93,ProductA,2025-05-01,15.0,3.0
1777.0,75,ProductA,2025-01-01,0.0,0.0
3127.0,131,ProductA,2025-07-01,,0.0
2267.0,95,ProductA,2025-11-01,,4.0
1967.0,82,ProductB,2025-11-01,60.0,13.0
505.0,22,,,18.0,3.0
1575.0,66,ProductB,2025-03-01,53.0,8.0
3878.0,162,ProductB,2025-02-01,42.0,4.0
1137.0,48,ProductA,09/01/2025,42.0,9.0
1825.0,77,ProductA,2025-01-01,25.0,
1206.0,51,ProductA,06/01/2025,34.0,4.0
1608.0,67,ProductB,12/01/2025,55.0,11.0
196.0,9,ProductA,2025-04-01,19.0,4.0
4745.0,198,ProductB,2025-05-01,20.0,
3116.0,130,ProductB,2025-08-01,27.0,2.0
341.0,15,ProductA,2025-05-01,1.0,0.0
1198.0,50,ProductB,2025-10-01,15.0,1.0
4546.0,190,ProductA,2025-10-01,0.0,0.0
102.0,5,ProductA,,12.0,2.0
4361.0,182,ProductB,2025-05-01,14.0,2.0
3206.0,134,ProductB,2025-02-01,26.0,2.0
3246.0,136,ProductA,2025-06-01,51.0,5.0
3884.0,162,ProductB,2025-08-01,59.0,13.0
2220.0,93,ProductA,12/01/2025,11.0,2.0
2181.0,91,ProductB,09/01/2025,45.0,8.0
704.0,30,ProductA,2025-08-01,15.0,2.0
,107,ProductA,2025-04-01,56.0,6.0
1897.0,80,ProductA,2025-01-01,4.0,0.0
2931.0,123,ProductA,2025-03-01,37.0,4.0
1193.0,50,ProductB,2025-05-01,0.0,0.0
,127,ProductA,2025-08-01,16.0,2.0
3154.0,132,ProductA,,37.0,7.0
2674.0,112,ProductA,2025-10-01,61.0,6.0
1918.0,80,ProductB,2025-10-01,0.0,0.0
2922.0,122,ProductB,2025-06-01,21.0,5.0
437.0,19,ProductA,2025-05-01,20.0,4.0
3264.0,136,,2025-12-01,85.0,19.0
1984.0,83,,04/01/2025,,9.0
1977.0,83,ProductA,2025-09-01,40.0,4.0
,142,ProductA,2025-02-01,26.0,4.0
,61,ProductA,2025-01-01,17.0,2.0
4357.0,182,ProductB,,15.0,3.0
1025.0,43,ProductB,2025-05-01,26.0,3.0
3628.0,152,ProductA,2025-04-01,8.0,1.0
3561.0,149,ProductA,,41.0,9.0
1081.0,46,ProductA,2025-01-01,8.0,1.0
4183.0,175,ProductA,2025-07-01,,7.0
3864.0,161,ProductB,12/01/2025,15.0,2.0
1458.0,61,ProductB,2025-06-01,20.0,4.0
3529.0,148,ProductA,01/01/2025,5.0,1.0
3719.0,155,ProductB,2025-11-01,50.0,10.0
3309.0,138,ProductB,2025-09-01,22.0,5.0
4458.0,186,ProductB,,20.0,3.0
4469.0,187,ProductA,2025-05-01,20.0,4.0
363.0,16,ProductA,2025-03-01,26.0,
1043.0,44,ProductA,2025-11-01,23.0,3.0
3053.0,128,ProductA,2025-05-01,12.0,
3279.0,137,ProductB,2025-03-01,24.0,5.0
1415.0,59,ProductB,2025-11-01,69.0,7.0
3317.0,139,ProductA,05/01/2025,50.0,5.0
1990.0,83,ProductB,2025-10-01,64.0,14.0
3661.0,153,ProductB,2025-01-01,18.0,2.0
1037.0,44,ProductA,2025-05-01,18.0,4.0
4456.0,186,ProductB,2025-04-01,,1.0
1527.0,64,ProductB,2025-03-01,15.0,2.0
1579.0,66,ProductB,2025-07-01,52.0,5.0
3278.0,137,ProductB,2025-02-01,20.0,3.0
987.0,42,ProductA,2025-03-01,27.0,5.0
2970.0,124,ProductB,,1.0,0.0
1663.0,70,ProductA,2025-07-01,18.0,2.0
,16,ProductB,2025-01-01,18.0,3.0
4621.0,193,ProductB,2025-01-01,30.0,4.0
2238.0,94,ProductA,2025-06-01,8.0,0.0
3778.0,158,ProductA,2025-10-01,44.0,9.0
1373.0,58,ProductA,2025-05-01,35.0,7.0
1370.0,58,ProductA,2025-02-01,32.0,3.0
2464.0,103,ProductB,2025-04-01,20.0,2.0
2825.0,118,ProductB,2025-05-01,15.0,
2518.0,105,ProductB,2025-10-01,31.0,4.0
3481.0,146,ProductA,2025-01-01,38.0,6.0
4135.0,173,ProductA,2025-07-01,26.0,5.0
4554.0,190,ProductB,2025-06-01,17.0,2.0
1059.0,45,ProductA,2025-03-01,6.0,0.0
46.0,2,ProductB,2025-10-01,57.0,5.0
1618.0,68,ProductA,10/01/2025,63.0,7.0
3011.0,126,ProductA,2025-11-01,131.0,16.0
1390.0,58,ProductB,10/01/2025,19.0,3.0
4320.0,180,ProductB,2025-12-01,75.0,14.0
657.0,28,ProductA,09/01/2025,29.0,5.0
25.0,2,ProductA,2025-01-01,30.0,3.0
3803.0,159,,2025-11-01,11.0,1.0
,111,ProductB,2025-02-01,9.0,1.0
618.0,26,,2025-06-01,17.0,
202.0,9,ProductA,2025-10-01,18.0,4.0
3617.0,151,ProductB,2025-05-01,29.0,5.0
3783.0,158,ProductB,2025-03-01,40.0,9.0
3280.0,137,ProductB,2025-04-01,22.0,2.0
4570.0,191,ProductA,10/01/2025,24.0,5.0
3828.0,160,ProductA,2025-12-01,27.0,
4550.0,190,ProductB,2025-02-01,,2.0
1196.0,50,ProductB,2025-08-01,7.0,1.0
1617.0,68,ProductA,2025-09-01,56.0,12.0
4607.0,192,ProductB,2025-11-01,100.0,17.0
1281.0,54,ProductA,2025-09-01,39.0,8.0
1482.0,62,ProductB,2025-06-01,36.0,6.0
2282.0,96,ProductA,2025-02-01,1.0,0.0
4708.0,197,ProductA,2025-04-01,25.0,6.0
1394.0,59,ProductA,2025-02-01,30.0,6.0
4431.0,185,ProductB,2025-03-01,31.0,3.0
4580.0,191,ProductB,2025-08-01,29.0,5.0
2471.0,103,ProductB,2025-11-01,30.0,4.0
2546.0,107,ProductA,2025-02-01,50.0,8.0
2280.0,95,ProductB,2025-12-01,2.0,0.0
1789.0,75,ProductB,2025-01-01,4.0,0.0
503.0,21,ProductB,2025-11-01,46.0,8.0
1110.0,47,ProductA,2025-06-01,,4.0
4329.0,181,ProductA,2025-09-01,40.0,8.0
3695.0,154,ProductB,2025-11-01,41.0,9.0
923.0,39,ProductA,2025-11-01,4.0,0.0
710.0,30,ProductB,,11.0,1.0
4139.0,173,ProductA,2025-11-01,42.0,6.0
2002.0,84,ProductA,2025-10-01,12.0,
3300.0,138,ProductA,2025-12-01,,0.0
3593.0,150,ProductB,2025-05-01,,4.0
752.0,32,ProductA,2025-08-01,71.0,7.0
1900.0,80,ProductA,2025-04-01,0.0,0.0
,12,ProductA,2025-11-01,30.0,6.0
1382.0,58,ProductB,2025-02-01,17.0,2.0
3702.0,155,ProductA,2025-06-01,39.0,
4355.0,182,ProductA,2025-11-01,16.0,2.0
3065.0,128,ProductB,2025-05-01,16.0,1.0
3035.0,127,ProductA,2025-11-01,17.0,2.0
3931.0,164,ProductB,07/01/2025,11.0,1.0
2687.0,112,ProductB,2025-11-01,38.0,5.0
729.0,31,ProductA,2025-09-01,15.0,1.0
3082.0,129,ProductA,2025-10-01,35.0,7.0
4276.0,179,ProductA,2025-04-01,28.0,5.0
2507.0,105,ProductA,,32.0,6.0
2021.0,85,ProductA,2025-05-01,15.0,3.0
4584.0,191,ProductB,2025-12-01,44.0,5.0
567.0,24,ProductB,2025-03-01,17.0,3.0
628.0,27,ProductA,2025-04-01,18.0,1.0
2755.0,115,,2025-07-01,13.0,1.0
1690.0,71,ProductA,2025-10-01,33.0,4.0
3568.0,149,ProductB,2025-04-01,41.0,6.0
1451.0,61,ProductA,,,4.0
700.0,30,ProductA,2025-04-01,15.0,3.0
3743.0,156,ProductB,2025-11-01,21.0,4.0
4508.0,188,ProductB,2025-08-01,22.0,4.0
741.0,31,,2025-09-01,17.0,4.0
4583.0,191,ProductB,2025-11-01,44.0,4.0
1269.0,53,ProductB,2025-09-01,15.0,1.0
117.0,5,ProductB,2025-09-01,24.0,4.0
,107,ProductA,2025-10-01,103.0,24.0
107.0,5,ProductA,2025-11-01,4.0,0.0
1387.0,58,ProductB,2025-07-01,13.0,2.0
3371.0,141,ProductA,2025-11-01,28.0,3.0
1796.0,75,ProductB,2025-08-01,3.0,0.0
2714.0,114,ProductA,2025-02-01,66.0,14.0
1055.0,44,ProductB,2025-11-01,15.0,1.0
2679.0,112,ProductB,2025-03-01,20.0,3.0
287.0,12,,2025-11-01,19.0,2.0
337.0,15,ProductA,2025-01-01,3.0,0.0
3711.0,155,ProductB,2025-03-01,28.0,3.0
,107,,2025-09-01,98.0,10.0
201.0,9,ProductA,2025-09-01,20.0,2.0
1463.0,61,,2025-11-01,22.0,4.0
3209.0,134,ProductB,2025-05-01,40.0,4.0
3030.0,127,,2025-06-01,12.0,2.0
2758.0,115,ProductB,2025-10-01,11.0,2.0
3997.0,167,ProductB,2025-01-01,43.0,4.0
2498.0,105,ProductA,2025-02-01,24.0,3.0
4592.0,192,ProductA,2025-08-01,75.0,10.0
164.0,7,ProductB,2025-08-01,35.0,5.0
370.0,16,ProductA,10/01/2025,25.0,5.0
3744.0,156,ProductB,2025-12-01,12.0,2.0
2649.0,111,ProductA,2025-09-01,0.0,0.0
4765.0,199,ProductB,2025-01-01,20.0,3.0
4298.0,180,ProductA,2025-02-01,35.0,5.0
1771.0,74,ProductB,2025-07-01,,7.0
3776.0,158,ProductA,2025-08-01,37.0,7.0
3137.0,131,ProductB,2025-05-01,1.0,0.0
573.0,24,ProductB,2025-09-01,18.0,4.0
3021.0,126,ProductB,2025-09-01,101.0,
2907.0,122,ProductA,2025-03-01,10.0,1.0
3701.0,155,ProductA,2025-05-01,35.0,3.0
4345.0,182,ProductA,2025-01-01,10.0,1.0
294.0,13,ProductA,06/01/2025,41.0,6.0
3706.0,155,ProductA,2025-10-01,48.0,11.0
1727.0,72,ProductB,2025-11-01,133.0,33.0
1138.0,48,ProductA,2025-10-01,40.0,6.0
3613.0,151,ProductB,2025-01-01,27.0,6.0
1240.0,52,ProductB,2025-04-01,26.0,5.0
343.0,15,ProductA,2025-07-01,3.0,0.0
4569.0,191,ProductA,09/01/2025,25.0,4.0
,124,ProductB,2025-08-01,8.0,1.0
3014.0,126,ProductB,2025-02-01,50.0,7.0
4353.0,182,ProductA,,13.0,1.0
3470.0,145,ProductB,2025-02-01,39.0,8.0
2521.0,106,ProductA,2025-01-01,35.0,
4682.0,196,ProductA,2025-02-01,21.0,5.0
486.0,21,,2025-06-01,14.0,3.0
2260.0,95,ProductA,2025-04-01,,2.0
4238.0,177,ProductB,,39.0,8.0
706.0,30,ProductA,2025-10-01,11.0,1.0
2506.0,105,ProductA,2025-10-01,25.0,3.0
871.0,37,ProductA,2025-07-01,44.0,8.0
2892.0,121,ProductA,2025-12-01,61.0,11.0
118.0,5,ProductB,2025-10-01,18.0,1.0
876.0,37,ProductA,2025-12-01,68.0,7.0
673.0,29,ProductA,2025-01-01,17.0,1.0
1473.0,62,ProductA,2025-09-01,35.0,4.0
3761.0,157,ProductB,2025-05-01,45.0,10.0
187.0,8,ProductB,2025-07-01,54.0,8.0
758.0,32,ProductB,2025-02-01,63.0,13.0
2702.0,113,ProductB,2025-02-01,18.0,4.0
2751.0,115,ProductB,2025-03-01,17.0,3.0
3107.0,130,ProductA,2025-11-01,32.0,5.0
1400.0,59,ProductA,2025-08-01,40.0,4.0
2200.0,92,ProductB,2025-04-01,40.0,5.0
2995.0,125,ProductB,2025-07-01,73.0,16.0
879.0,37,ProductB,2025-03-01,17.0,3.0
1657.0,70,ProductA,2025-01-01,16.0,3.0
1054.0,44,ProductB,10/01/2025,12.0,2.0
2017.0,85,ProductA,2025-01-01,14.0,3.0
1632.0,68,ProductB,2025-12-01,50.0,7.0
1297.0,55,ProductA,2025-01-01,36.0,4.0
1934.0,81,ProductB,02/01/2025,24.0,5.0
4172.0,174,ProductB,2025-08-01,33.0,5.0
1489.0,63,ProductA,2025-01-01,7.0,1.0
,45,ProductB,04/01/2025,,2.0
3911.0,163,ProductB,2025-11-01,27.0,3.0
2473.0,104,ProductA,2025-01-01,12.0,2.0
1921.0,81,ProductA,2025-01-01,20.0,2.0
2412.0,101,ProductA,2025-12-01,19.0,1.0
,156,ProductA,2025-06-01,26.0,4.0
3412.0,143,ProductA,2025-04-01,15.0,3.0
938.0,40,ProductA,2025-02-01,15.0,1.0
4253.0,178,ProductA,2025-05-01,54.0,11.0
1252.0,53,,2025-04-01,21.0,2.0
1480.0,62,ProductB,2025-04-01,32.0,3.0
1133.0,48,ProductA,2025-05-01,34.0,
2756.0,115,ProductB,08/01/2025,11.0,1.0
4348.0,182,ProductA,04/01/2025,12.0,2.0
4609.0,193,ProductA,2025-01-01,25.0,3.0
1345.0,57,ProductA,2025-01-01,20.0,4.0
3957.0,165,ProductB,2025-09-01,42.0,9.0
2121.0,89,ProductA,2025-09-01,28.0,5.0
4388.0,183,,2025-08-01,7.0,1.0
4453.0,186,ProductB,,23.0,
2494.0,104,ProductB,2025-10-01,6.0,0.0
4710.0,197,ProductA,2025-06-01,35.0,6.0
1952.0,82,ProductA,2025-08-01,35.0,6.0
1250.0,53,ProductA,2025-02-01,20.0,3.0
351.0,15,ProductB,2025-03-01,9.0,1.0
3974.0,166,ProductB,2025-02-01,27.0,4.0
4604.0,192,ProductB,2025-08-01,92.0,16.0
1457.0,61,ProductB,05/01/2025,20.0,4.0
2845.0,119,ProductB,2025-01-01,28.0,4.0
685.0,29,ProductB,2025-01-01,21.0,3.0
1749.0,73,ProductB,2025-09-01,37.0,8.0
3291.0,138,ProductA,2025-03-01,12.0,2.0
2324.0,97,ProductB,,22.0,3.0
,112,ProductA,2025-12-01,77.0,9.0
4718.0,197,ProductB,2025-02-01,18.0,2.0
2447.0,102,ProductB,2025-11-01,30.0,4.0
3273.0,137,ProductA,09/01/2025,24.0,4.0
1734.0,73,ProductA,2025-06-01,3.0,0.0
4600.0,192,ProductB,2025-04-01,57.0,8.0
2917.0,122,,2025-01-01,17.0,
4068.0,170,ProductA,2025-12-01,32.0,6.0
1923.0,81,,2025-03-01,22.0,4.0
623.0,26,ProductB,11/01/2025,37.0,5.0
4574.0,191,ProductB,2025-02-01,20.0,2.0
3415.0,143,ProductA,2025-07-01,19.0,3.0
838.0,35,ProductB,2025-10-01,,14.0
,20,ProductA,2025-11-01,23.0,4.0
4410.0,184,ProductB,2025-06-01,44.0,8.0
2277.0,95,ProductB,2025-09-01,12.0,1.0
2415.0,101,ProductB,2025-03-01,5.0,0.0
1485.0,62,ProductB,2025-09-01,42.0,6.0
,172,ProductB,2025-08-01,31.0,6.0
3738.0,156,ProductB,2025-06-01,,2.0
2871.0,120,ProductB,2025-03-01,40.0,4.0
,6,ProductB,2025-05-01,35.0,3.0
2093.0,88,ProductA,2025-05-01,34.0,4.0
4208.0,176,ProductA,2025-08-01,57.0,5.0
584.0,25,ProductA,2025-08-01,,
1408.0,59,ProductB,2025-04-01,34.0,7.0
606.0,26,ProductA,2025-06-01,20.0,3.0
4444.0,186,ProductA,2025-04-01,21.0,3.0
1840.0,77,ProductB,2025-04-01,31.0,6.0
1585.0,67,ProductA,01/01/2025,24.0,4.0
2622.0,110,ProductA,2025-06-01,32.0,7.0
1935.0,81,ProductB,2025-03-01,27.0,4.0
1714.0,72,ProductA,10/01/2025,163.0,34.0
360.0,15,ProductB,2025-12-01,20.0,
4006.0,167,ProductB,10/01/2025,58.0,7.0
3393.0,142,ProductA,2025-09-01,54.0,12.0
,70,ProductA,2025-05-01,16.0,3.0
281.0,12,ProductB,2025-05-01,6.0,0.0
1403.0,59,,2025-11-01,48.0,8.0
1429.0,60,ProductB,01/01/2025,29.0,5.0
1817.0,76,ProductB,2025-05-01,39.0,6.0
3616.0,151,ProductB,2025-04-01,28.0,6.0
439.0,19,ProductA,2025-07-01,26.0,
314.0,14,ProductA,2025-02-01,0.0,0.0
3329.0,139,ProductB,2025-05-01,31.0,5.0
307.0,13,ProductB,2025-07-01,23.0,4.0
4196.0,175,ProductB,,37.0,6.0
3301.0,138,ProductB,2025-01-01,19.0,2.0
,192,ProductB,2025-02-01,52.0,12.0
1024.0,43,ProductB,2025-04-01,24.0,4.0
1095.0,46,ProductB,2025-03-01,11.0,2.0
2182.0,91,ProductB,2025-10-01,43.0,5.0
4052.0,169,ProductB,2025-08-01,50.0,5.0
634.0,27,ProductA,2025-10-01,18.0,3.0
957.0,40,ProductB,2025-09-01,30.0,4.0
2476.0,104,ProductA,2025-04-01,19.0,2.0
232.0,10,ProductB,2025-04-01,33.0,8.0
2952.0,123,ProductB,2025-12-01,27.0,5.0
1261.0,53,ProductB,2025-01-01,14.0,2.0
,11,ProductA,2025-10-01,36.0,8.0
1883.0,79,ProductA,2025-11-01,28.0,5.0
2741.0,115,ProductA,05/01/2025,26.0,3.0
4457.0,186,ProductB,2025-05-01,21.0,4.0
1700.0,71,ProductB,2025-08-01,42.0,8.0
3135.0,131,ProductB,,0.0,0.0
4289.0,179,ProductB,2025-05-01,11.0,1.0
1212.0,51,ProductA,2025-12-01,19.0,2.0
1074.0,45,ProductB,2025-06-01,13.0,1.0
2303.0,96,ProductB,2025-11-01,0.0,0.0
352.0,15,ProductB,04/01/2025,9.0,1.0
2042.0,86,ProductA,2025-02-01,26.0,3.0
581.0,25,ProductA,05/01/2025,44.0,10.0
4497.0,188,ProductA,2025-09-01,24.0,3.0
790.0,33,ProductB,2025-10-01,53.0,5.0
,72,ProductA,2025-08-01,127.0,14.0
3962.0,166,ProductA,02/01/2025,22.0,2.0
4691.0,196,ProductA,2025-11-01,37.0,6.0
920.0,39,ProductA,2025-08-01,7.0,
3108.0,130,ProductA,2025-12-01,37.0,5.0
1405.0,59,ProductB,01/01/2025,34.0,7.0
3786.0,158,ProductB,2025-06-01,41.0,6.0
696.0,29,ProductB,2025-12-01,13.0,2.0
1861.0,78,ProductB,2025-01-01,26.0,4.0
1787.0,75,ProductA,11/01/2025,,0.0
4543.0,190,ProductA,2025-07-01,3.0,0.0
4067.0,170,ProductA,2025-11-01,28.0,6.0
4122.0,172,ProductB,2025-06-01,20.0,2.0
4394.0,184,ProductA,2025-02-01,38.0,9.0
1541.0,65,ProductA,2025-05-01,,10.0
419.0,18,ProductA,2025-11-01,35.0,5.0
4587.0,192,ProductA,2025-03-01,44.0,5.0
,33,ProductA,2025-05-01,32.0,7.0
2345.0,98,ProductB,2025-05-01,25.0,4.0
302.0,13,ProductB,,27.0,4.0
2966.0,124,ProductB,2025-02-01,5.0,0.0
1231.0,52,ProductA,07/01/2025,24.0,4.0
1278.0,54,ProductA,,31.0,5.0
1178.0,50,ProductA,2025-02-01,5.0,1.0
1889.0,79,ProductB,2025-05-01,24.0,4.0
4349.0,182,ProductA,05/01/2025,11.0,1.0
1098.0,46,ProductB,2025-06-01,7.0,0.0
3784.0,158,ProductB,2025-04-01,37.0,8.0
2081.0,87,ProductB,2025-05-01,39.0,
236.0,10,ProductB,,40.0,5.0
590.0,25,ProductB,2025-02-01,23.0,3.0
3168.0,132,ProductB,2025-12-01,22.0,3.0
4657.0,195,ProductA,2025-01-01,22.0,3.0
61.0,3,ProductB,2025-01-01,33.0,5.0
1966.0,82,ProductB,2025-10-01,51.0,5.0
4154.0,174,ProductA,2025-02-01,19.0,3.0
,4,ProductB,2025-08-01,70.0,11.0
1245.0,52,ProductB,09/01/2025,15.0,2.0
1936.0,81,ProductB,2025-04-01,,3.0
2103.0,88,ProductB,2025-03-01,35.0,6.0
591.0,25,ProductB,2025-03-01,22.0,5.0
90.0,4,ProductB,2025-06-01,66.0,7.0
3501.0,146,ProductB,2025-09-01,36.0,8.0
200.0,9,ProductA,2025-08-01,17.0,3.0
1536.0,64,ProductB,2025-12-01,51.0,6.0
261.0,11,ProductB,2025-09-01,23.0,4.0
1573.0,66,ProductB,2025-01-01,49.0,5.0
955.0,40,ProductB,2025-07-01,24.0,5.0
1947.0,82,ProductA,2025-03-01,24.0,3.0
3430.0,143,ProductB,2025-10-01,2.0,0.0
1075.0,45,ProductB,2025-07-01,16.0,3.0
2059.0,86,ProductB,2025-07-01,34.0,7.0
315.0,14,ProductA,2025-03-01,1.0,0.0
3149.0,132,ProductA,2025-05-01,36.0,3.0
2664.0,111,ProductB,2025-12-01,17.0,2.0
2165.0,91,ProductA,2025-05-01,26.0,5.0
210.0,9,ProductB,2025-06-01,29.0,
785.0,33,ProductB,2025-05-01,,4.0
2578.0,108,ProductA,10/01/2025,62.0,10.0
2771.0,116,ProductA,2025-11-01,34.0,7.0
712.0,30,ProductB,04/01/2025,16.0,3.0
263.0,11,ProductB,2025-11-01,33.0,7.0
3451.0,144,ProductB,2025-07-01,22.0,4.0
3151.0,132,ProductA,2025-07-01,36.0,3.0
3939.0,165,ProductA,2025-03-01,29.0,6.0
4194.0,175,ProductB,2025-06-01,32.0,7.0
2895.0,121,ProductB,2025-03-01,34.0,6.0
4672.0,195,ProductB,2025-04-01,42.0,4.0
4496.0,188,ProductA,2025-08-01,27.0,3.0
2470.0,103,ProductB,2025-10-01,29.0,3.0
793.0,34,ProductA,01/01/2025,11.0,1.0
98.0,5,ProductA,2025-02-01,18.0,3.0
,49,ProductA,2025-02-01,25.0,3.0
2599.0,109,ProductA,2025-07-01,38.0,4.0
4406.0,184,ProductB,2025-02-01,29.0,6.0
3634.0,152,,2025-10-01,9.0,1.0
556.0,24,ProductA,2025-04-01,14.0,2.0
1080.0,45,ProductB,2025-12-01,12.0,1.0
1000.0,42,ProductB,2025-04-01,24.0,4.0
1975.0,83,ProductA,2025-07-01,33.0,
3672.0,153,,2025-12-01,28.0,6.0
339.0,15,ProductA,2025-03-01,0.0,0.0
4384.0,183,ProductB,2025-04-01,4.0,0.0
2201.0,92,ProductB,2025-05-01,44.0,7.0
3569.0,149,ProductB,2025-05-01,49.0,5.0
4161.0,174,ProductA,2025-09-01,,4.0
,147,ProductB,09/01/2025,14.0,1.0
204.0,9,ProductA,2025-12-01,13.0,1.0
864.0,36,ProductB,2025-12-01,,1.0
3439.0,144,,2025-07-01,29.0,5.0
1831.0,77,ProductA,2025-07-01,48.0,8.0
4316.0,180,ProductB,2025-08-01,68.0,11.0
497.0,21,ProductB,,27.0,5.0
4302.0,180,ProductA,2025-06-01,49.0,7.0
4421.0,185,ProductA,2025-05-01,30.0,5.0
3857.0,161,ProductB,,14.0,2.0
2427.0,102,ProductA,2025-03-01,20.0,3.0
4714.0,197,ProductA,2025-10-01,26.0,3.0
643.0,27,ProductB,2025-07-01,4.0,0.0
619.0,26,ProductB,2025-07-01,15.0,2.0
1851.0,78,ProductA,2025-03-01,30.0,7.0
1682.0,71,ProductA,2025-02-01,24.0,5.0
371.0,16,ProductA,2025-11-01,23.0,2.0
4771.0,199,ProductB,2025-07-01,27.0,5.0
861.0,36,ProductB,2025-09-01,22.0,5.0
3754.0,157,ProductA,2025-10-01,45.0,10.0
4332.0,181,ProductA,2025-12-01,67.0,8.0
3045.0,127,ProductB,2025-09-01,5.0,0.0
266.0,12,ProductA,2025-02-01,17.0,3.0
3155.0,132,ProductA,2025-11-01,42.0,6.0
648.0,27,ProductB,2025-12-01,14.0,2.0
1316.0,55,ProductB,2025-08-01,113.0,27.0
2247.0,94,ProductB,2025-03-01,28.0,
3460.0,145,ProductA,2025-04-01,27.0,
3253.0,136,,2025-01-01,39.0,8.0
1670.0,70,ProductB,,14.0,1.0
1584.0,66,ProductB,2025-12-01,,13.0
3344.0,140,,2025-08-01,13.0,2.0
4218.0,176,,2025-06-01,37.0,5.0
83.0,4,ProductA,2025-11-01,80.0,18.0
4607.0,192,ProductB,2025-11-01,100.0,17.0
2229.0,93,ProductB,2025-09-01,42.0,4.0
290.0,13,ProductA,02/01/2025,17.0,3.0
2588.0,108,ProductB,2025-08-01,43.0,5.0
3248.0,136,ProductA,2025-08-01,56.0,7.0
4429.0,185,ProductB,2025-01-01,26.0,4.0
2051.0,86,ProductA,2025-11-01,40.0,5.0
4675.0,195,ProductB,2025-07-01,55.0,7.0
1173.0,49,ProductB,2025-09-01,13.0,2.0
4620.0,193,ProductA,2025-12-01,33.0,6.0
2603.0,109,ProductA,2025-11-01,43.0,6.0
3040.0,127,ProductB,04/01/2025,5.0,0.0
4434.0,185,ProductB,2025-06-01,36.0,8.0
2489.0,104,ProductB,,0.0,0.0
2614.0,109,ProductB,10/01/2025,52.0,12.0
1159.0,49,ProductA,2025-07-01,29.0,5.0
404.0,17,ProductB,2025-08-01,29.0,6.0
3222.0,135,ProductA,2025-06-01,19.0,2.0
3531.0,148,ProductA,2025-03-01,7.0,0.0
2465.0,103,ProductB,2025-05-01,21.0,4.0
118.0,5,ProductB,2025-10-01,18.0,1.0
2519.0,105,ProductB,2025-11-01,31.0,6.0
2230.0,93,ProductB,10/01/2025,45.0,7.0
3058.0,128,ProductA,2025-10-01,19.0,3.0
4473.0,187,ProductA,2025-09-01,28.0,5.0
1720.0,72,ProductB,2025-04-01,71.0,13.0
277.0,12,ProductB,01/01/2025,,1.0
36.0,2,ProductA,2025-12-01,79.0,18.0
3372.0,141,ProductA,2025-12-01,24.0,4.0
1514.0,64,ProductA,2025-02-01,9.0,2.0
2411.0,101,ProductA,2025-11-01,14.0,3.0
355.0,15,ProductB,2025-07-01,12.0,2.0
4062.0,170,,2025-06-01,20.0,3.0
4673.0,195,ProductB,05/01/2025,48.0,5.0
3198.0,134,ProductA,2025-06-01,41.0,6.0
51.0,3,,2025-03-01,31.0,7.0
4030.0,168,ProductB,2025-10-01,51.0,7.0
1577.0,66,ProductB,2025-05-01,48.0,9.0
3564.0,149,ProductA,12/01/2025,53.0,13.0
,171,ProductA,2025-04-01,13.0,1.0
2652.0,111,ProductA,2025-12-01,0.0,0.0
3515.0,147,ProductA,2025-11-01,3.0,0.0
2501.0,105,ProductA,2025-05-01,29.0,5.0
1945.0,82,ProductA,2025-01-01,31.0,6.0
1511.0,63,ProductB,2025-11-01,,3.0
2159.0,90,ProductB,2025-11-01,24.0,2.0
3152.0,132,ProductA,2025-08-01,35.0,5.0
112.0,5,ProductB,2025-04-01,17.0,3.0
2223.0,93,ProductB,2025-03-01,29.0,5.0
2241.0,94,ProductA,2025-09-01,5.0,0.0
1411.0,59,ProductB,2025-07-01,44.0,7.0
1090.0,46,ProductA,2025-10-01,,4.0
1415.0,59,ProductB,2025-11-01,69.0,7.0
1518.0,64,ProductA,2025-06-01,13.0,1.0
1292.0,54,ProductB,2025-08-01,50.0,8.0
906.0,38,ProductB,2025-06-01,0.0,0.0
2268.0,95,ProductA,2025-12-01,15.0,1.0
1414.0,59,ProductB,2025-10-01,61.0,10.0
2143.0,90,ProductA,2025-07-01,23.0,4.0
677.0,29,ProductA,2025-05-01,23.0,5.0
4249.0,178,ProductA,2025-01-01,31.0,6.0
4181.0,175,ProductA,2025-05-01,32.0,5.0
2589.0,108,ProductB,2025-09-01,50.0,10.0
211.0,9,ProductB,2025-07-01,31.0,6.0
3286.0,137,ProductB,10/01/2025,26.0,3.0
458.0,20,ProductA,02/01/2025,19.0,3.0
3307.0,138,ProductB,2025-07-01,27.0,4.0
1583.0,66,ProductB,,83.0,19.0
3606.0,151,ProductA,,29.0,6.0
3067.0,128,ProductB,2025-07-01,15.0,3.0
3923.0,164,ProductA,2025-11-01,9.0,1.0
3585.0,150,ProductA,2025-09-01,15.0,3.0
3365.0,141,ProductA,05/01/2025,27.0,3.0
1425.0,60,ProductA,2025-09-01,67.0,12.0
2073.0,87,ProductA,2025-09-01,,6.0
2281.0,96,ProductA,2025-01-01,6.0,0.0
2708.0,113,ProductB,2025-08-01,23.0,3.0
2725.0,114,ProductB,2025-01-01,63.0,6.0
4018.0,168,ProductA,2025-10-01,78.0,16.0
636.0,27,ProductA,2025-12-01,23.0,4.0
4536.0,189,ProductB,2025-12-01,7.0,1.0
780.0,33,ProductA,2025-12-01,79.0,16.0
3610.0,151,,2025-10-01,25.0,5.0
,167,ProductA,2025-04-01,38.0,8.0
,94,ProductB,,24.0,4.0
1082.0,46,ProductA,02/01/2025,12.0,1.0
560.0,24,ProductA,2025-08-01,21.0,4.0
3221.0,135,ProductA,05/01/2025,22.0,
3900.0,163,ProductA,2025-12-01,40.0,5.0
221.0,10,ProductA,2025-05-01,27.0,5.0
,117,ProductA,2025-02-01,,
3643.0,152,ProductB,2025-07-01,25.0,4.0
2697.0,113,,2025-09-01,39.0,7.0
4364.0,182,ProductB,2025-08-01,19.0,2.0
3385.0,142,ProductA,2025-01-01,29.0,4.0
796.0,34,ProductA,04/01/2025,15.0,2.0
2024.0,85,ProductA,2025-08-01,28.0,4.0
252.0,11,ProductA,2025-12-01,43.0,10.0
1453.0,61,ProductB,2025-01-01,15.0,1.0
433.0,19,ProductA,2025-01-01,15.0,2.0
979.0,41,ProductB,2025-07-01,46.0,11.0
1904.0,80,ProductA,2025-08-01,0.0,0.0
3002.0,126,ProductA,2025-02-01,69.0,9.0
2067.0,87,ProductA,03/01/2025,34.0,4.0
268.0,12,ProductA,2025-04-01,20.0,2.0
455.0,19,ProductB,2025-11-01,3.0,0.0
1465.0,62,ProductA,2025-01-01,22.0,4.0
2044.0,86,ProductA,2025-04-01,27.0,6.0
837.0,35,ProductB,,67.0,12.0
3218.0,135,ProductA,2025-02-01,18.0,2.0
2811.0,118,ProductA,2025-03-01,15.0,2.0
4108.0,172,ProductA,2025-04-01,10.0,1.0
1231.0,52,ProductA,07/01/2025,24.0,4.0
4077.0,170,ProductB,2025-09-01,14.0,2.0
1352.0,57,ProductA,08/01/2025,22.0,3.0
3938.0,165,ProductA,2025-02-01,23.0,5.0
2382.0,100,ProductA,06/01/2025,26.0,6.0
4347.0,182,ProductA,2025-03-01,12.0,2.0
2730.0,114,ProductB,2025-06-01,109.0,14.0
826.0,35,ProductA,2025-10-01,51.0,6.0
80.0,4,ProductA,2025-08-01,66.0,11.0
1144.0,48,ProductB,2025-04-01,43.0,8.0
4085.0,171,ProductA,2025-05-01,13.0,1.0
2467.0,103,ProductB,2025-07-01,29.0,7.0
630.0,27,ProductA,2025-06-01,15.0,2.0
282.0,12,ProductB,2025-06-01,9.0,1.0
4296.0,179,ProductB,2025-12-01,11.0,2.0
3368.0,141,ProductA,2025-08-01,24.0,3.0
3614.0,151,ProductB,,26.0,4.0
4792.0,200,ProductB,2025-04-01,5.0,0.0
4081.0,171,ProductA,2025-01-01,15.0,3.0
484.0,21,,2025-04-01,18.0,3.0
1804.0,76,ProductA,2025-04-01,21.0,4.0
1219.0,51,ProductB,2025-07-01,37.0,4.0
2963.0,124,ProductA,2025-11-01,20.0,
1372.0,58,ProductA,,37.0,8.0
2596.0,109,ProductA,2025-04-01,34.0,
1970.0,83,ProductA,2025-02-01,37.0,6.0
1643.0,69,ProductA,11/01/2025,38.0,6.0
2839.0,119,ProductA,2025-07-01,35.0,3.0
3055.0,128,ProductA,2025-07-01,10.0,1.0
1695.0,71,ProductB,2025-03-01,28.0,3.0
458.0,20,ProductA,02/01/2025,19.0,3.0
,128,ProductA,2025-11-01,21.0,4.0
3142.0,131,ProductB,2025-10-01,0.0,0.0
1409.0,59,ProductB,2025-05-01,42.0,8.0
3258.0,136,ProductB,2025-06-01,69.0,14.0
853.0,36,ProductB,2025-01-01,9.0,1.0
3191.0,133,ProductB,2025-11-01,24.0,
1332.0,56,ProductA,2025-12-01,89.0,10.0
947.0,40,ProductA,2025-11-01,17.0,2.0
3139.0,131,ProductB,2025-07-01,0.0,0.0
2955.0,124,ProductA,2025-03-01,13.0,2.0
,40,ProductA,09/01/2025,16.0,3.0
683.0,29,ProductA,2025-11-01,23.0,3.0
,26,ProductA,08/01/2025,21.0,2.0
4424.0,185,ProductA,2025-08-01,41.0,8.0
189.0,8,ProductB,2025-09-01,49.0,8.0
68.0,3,ProductB,2025-08-01,33.0,
4285.0,179,ProductB,,18.0,2.0
3198.0,134,ProductA,2025-06-01,41.0,6.0
1271.0,53,ProductB,2025-11-01,15.0,1.0
1307.0,55,ProductA,2025-11-01,114.0,
4401.0,184,ProductA,2025-09-01,87.0,17.0
267.0,12,ProductA,2025-03-01,16.0,3.0
1085.0,46,ProductA,2025-05-01,18.0,3.0
1101.0,46,ProductB,09/01/2025,,1.0
1365.0,57,ProductB,2025-09-01,8.0,0.0
1470.0,62,ProductA,2025-06-01,30.0,6.0
3826.0,160,ProductA,2025-10-01,34.0,6.0
1538.0,65,ProductA,2025-02-01,,8.0
4137.0,173,ProductA,2025-09-01,34.0,5.0
2352.0,98,ProductB,12/01/2025,40.0,4.0
2065.0,87,ProductA,2025-01-01,28.0,6.0
3862.0,161,ProductB,2025-10-01,17.0,1.0
3319.0,139,ProductA,07/01/2025,54.0,7.0
4681.0,196,ProductA,01/01/2025,22.0,
1991.0,83,ProductB,,65.0,8.0
817.0,35,ProductA,2025-01-01,25.0,5.0
2996.0,125,ProductB,2025-08-01,,17.0
227.0,10,ProductA,,36.0,4.0
971.0,41,ProductA,2025-11-01,35.0,6.0
2252.0,94,ProductB,2025-08-01,32.0,4.0
596.0,25,ProductB,2025-08-01,36.0,5.0
815.0,34,ProductB,2025-11-01,26.0,4.0
1446.0,61,ProductA,2025-06-01,17.0,
1729.0,73,ProductA,01/01/2025,16.0,3.0
3854.0,161,,2025-02-01,12.0,2.0
359.0,15,ProductB,2025-11-01,12.0,1.0
4355.0,182,ProductA,2025-11-01,16.0,2.0
4571.0,191,ProductA,2025-11-01,29.0,5.0
778.0,33,ProductA,10/01/2025,79.0,8.0
4632.0,193,ProductB,2025-12-01,31.0,6.0
2095.0,88,ProductA,2025-07-01,32.0,6.0
4236.0,177,ProductA,2025-12-01,48.0,11.0
3073.0,129,ProductA,2025-01-01,23.0,4.0
3879.0,162,ProductB,2025-03-01,41.0,5.0
4407.0,184,ProductB,,32.0,7.0
513.0,22,ProductA,2025-09-01,45.0,5.0
2883.0,121,ProductA,03/01/2025,32.0,3.0
868.0,37,ProductA,2025-04-01,37.0,6.0
66.0,3,ProductB,2025-06-01,34.0,7.0
1295.0,54,ProductB,11/01/2025,50.0,10.0
64.0,3,ProductB,2025-04-01,30.0,3.0
4436.0,185,ProductB,2025-08-01,36.0,8.0
3174.0,133,ProductA,,26.0,5.0
2669.0,112,ProductA,,46.0,10.0
2703.0,113,ProductB,2025-03-01,18.0,4.0
140.0,6,ProductB,2025-08-01,40.0,7.0
1884.0,79,ProductA,2025-12-01,25.0,5.0
670.0,28,ProductB,2025-10-01,16.0,2.0
902.0,38,ProductB,02/01/2025,,0.0
4518.0,189,ProductA,2025-06-01,5.0,0.0
3175.0,133,ProductA,2025-07-01,26.0,2.0
3710.0,155,ProductB,02/01/2025,28.0,5.0
1826.0,77,ProductA,02/01/2025,29.0,6.0
1755.0,74,ProductA,2025-03-01,42.0,7.0
1506.0,63,ProductB,06/01/2025,18.0,4.0
71.0,3,ProductB,2025-11-01,45.0,7.0
2671.0,112,ProductA,2025-07-01,53.0,12.0
539.0,23,ProductA,2025-11-01,39.0,7.0
2479.0,104,ProductA,,17.0,3.0
1174.0,49,ProductB,2025-10-01,13.0,1.0
3625.0,152,ProductA,2025-01-01,18.0,4.0
1496.0,63,ProductA,2025-08-01,,0.0
3998.0,167,ProductB,,54.0,
848.0,36,ProductA,2025-08-01,15.0,1.0
950.0,40,ProductB,2025-02-01,19.0,3.0
654.0,28,,2025-06-01,34.0,6.0
2037.0,85,ProductB,2025-09-01,7.0,0.0
1992.0,83,ProductB,2025-12-01,64.0,15.0
1688.0,71,ProductA,2025-08-01,31.0,6.0
,155,ProductA,2025-04-01,32.0,3.0
2936.0,123,ProductA,2025-08-01,50.0,7.0
521.0,22,ProductB,2025-05-01,25.0,2.0
1544.0,65,ProductA,2025-08-01,61.0,14.0
1545.0,65,ProductA,2025-09-01,62.0,12.0
3541.0,148,ProductB,2025-01-01,9.0,1.0
2078.0,87,ProductB,2025-02-01,31.0,7.0
929.0,39,ProductB,2025-05-01,14.0,2.0
4475.0,187,,,16.0,2.0
1283.0,54,ProductA,2025-11-01,36.0,5.0
73.0,4,ProductA,2025-01-01,44.0,9.0
2255.0,94,ProductB,2025-11-01,41.0,5.0
3098.0,130,ProductA,2025-02-01,12.0,1.0
3187.0,133,ProductB,2025-07-01,28.0,3.0
2116.0,89,ProductA,2025-04-01,20.0,3.0
3789.0,158,ProductB,2025-09-01,49.0,9.0
365.0,16,ProductA,2025-05-01,26.0,2.0
2964.0,124,ProductA,2025-12-01,21.0,2.0
998.0,42,ProductB,02/01/2025,22.0,4.0
3996.0,167,ProductA,2025-12-01,42.0,7.0
,25,ProductA,2025-03-01,29.0,5.0
2114.0,89,ProductA,2025-02-01,17.0,3.0
2222.0,93,ProductB,2025-02-01,22.0,3.0
1829.0,77,ProductA,2025-05-01,44.0,7.0
650.0,28,ProductA,2025-02-01,21.0,2.0
1932.0,81,ProductA,12/01/2025,20.0,3.0
2483.0,104,ProductA,2025-11-01,21.0,3.0
4721.0,197,ProductB,05/01/2025,23.0,2.0
1891.0,79,ProductB,2025-07-01,23.0,5.0
895.0,38,ProductA,2025-07-01,6.0,1.0
1395.0,59,ProductA,2025-03-01,28.0,3.0
4229.0,177,ProductA,2025-05-01,39.0,7.0
1456.0,61,ProductB,2025-04-01,18.0,3.0
5.0,1,ProductA,2025-05-01,51.0,10.0
2858.0,120,ProductA,2025-02-01,40.0,9.0
3795.0,159,ProductA,2025-03-01,13.0,2.0
2378.0,100,ProductA,2025-02-01,19.0,2.0
,75,ProductA,02/01/2025,4.0,0.0
2386.0,100,ProductA,2025-10-01,32.0,6.0
3375.0,141,ProductB,2025-03-01,30.0,5.0
2974.0,124,ProductB,2025-10-01,12.0,1.0
2086.0,87,ProductB,10/01/2025,80.0,13.0
268.0,12,ProductA,2025-04-01,20.0,2.0
,119,ProductA,2025-04-01,,8.0
1730.0,73,,2025-02-01,13.0,1.0
421.0,18,ProductB,2025-01-01,29.0,4.0
,165,ProductA,2025-07-01,35.0,7.0
2216.0,93,ProductA,2025-08-01,13.0,1.0
1976.0,83,ProductA,2025-08-01,36.0,8.0
3212.0,134,ProductB,2025-08-01,43.0,4.0
413.0,18,ProductA,05/01/2025,23.0,3.0
2580.0,108,ProductA,2025-12-01,69.0,11.0
121.0,6,ProductA,2025-01-01,,3.0
394.0,17,ProductA,2025-10-01,6.0,0.0
1998.0,84,ProductA,2025-06-01,20.0,3.0
2308.0,97,ProductA,2025-04-01,39.0,4.0
166.0,7,ProductB,,50.0,7.0
2477.0,104,ProductA,2025-05-01,17.0,2.0
4375.0,183,ProductA,2025-07-01,20.0,3.0
1691.0,71,ProductA,2025-11-01,35.0,8.0
1931.0,81,ProductA,2025-11-01,25.0,4.0
143.0,6,ProductB,2025-11-01,44.0,6.0
3972.0,166,ProductA,2025-12-01,28.0,2.0
1030.0,43,ProductB,2025-10-01,34.0,3.0
1330.0,56,ProductA,2025-10-01,79.0,9.0
1291.0,54,ProductB,2025-07-01,53.0,11.0
4480.0,187,ProductB,2025-04-01,33.0,5.0
2965.0,124,ProductB,2025-01-01,6.0,0.0
3932.0,164,ProductB,2025-08-01,6.0,1.0
2278.0,95,ProductB,2025-10-01,10.0,1.0
4040.0,169,ProductA,2025-08-01,27.0,6.0
3893.0,163,ProductA,2025-05-01,36.0,3.0
2630.0,110,ProductB,2025-02-01,23.0,5.0
1862.0,78,ProductB,2025-02-01,25.0,4.0
,188,ProductA,2025-10-01,20.0,4.0
4555.0,190,ProductB,2025-07-01,15.0,3.0
1027.0,43,ProductB,2025-07-01,31.0,4.0
1076.0,45,ProductB,2025-08-01,18.0,3.0
2625.0,110,ProductA,2025-09-01,39.0,4.0
3255.0,136,ProductB,2025-03-01,48.0,4.0
3493.0,146,ProductB,2025-01-01,34.0,4.0
1209.0,51,ProductA,2025-09-01,,6.0
1342.0,56,ProductB,2025-10-01,67.0,10.0
4083.0,171,ProductA,2025-03-01,10.0,2.0
735.0,31,ProductB,03/01/2025,19.0,4.0
4715.0,197,ProductA,2025-11-01,,
3540.0,148,,2025-12-01,0.0,0.0
231.0,10,ProductB,2025-03-01,36.0,4.0
1620.0,68,ProductA,2025-12-01,66.0,10.0
2190.0,92,ProductA,2025-06-01,,9.0
3958.0,165,,2025-10-01,39.0,5.0
284.0,12,ProductB,08/01/2025,16.0,3.0
1185.0,50,ProductA,2025-09-01,3.0,0.0
679.0,29,ProductA,2025-07-01,20.0,3.0
1978.0,83,ProductA,10/01/2025,43.0,6.0
1768.0,74,ProductB,2025-04-01,40.0,9.0
824.0,35,ProductA,2025-08-01,42.0,8.0
870.0,37,ProductA,2025-06-01,47.0,9.0
3885.0,162,ProductB,2025-09-01,57.0,6.0
186.0,8,ProductB,,45.0,10.0
4284.0,179,ProductA,2025-12-01,43.0,6.0
610.0,26,ProductA,2025-10-01,25.0,2.0
4008.0,167,ProductB,2025-12-01,74.0,9.0
217.0,10,ProductA,2025-01-01,20.0,4.0
2913.0,122,ProductA,2025-09-01,4.0,0.0
4374.0,183,,2025-06-01,17.0,2.0
4693.0,196,ProductB,2025-01-01,22.0,4.0
1929.0,81,ProductA,2025-09-01,29.0,5.0
426.0,18,ProductB,2025-06-01,32.0,3.0
2684.0,112,ProductB,2025-08-01,,8.0
1011.0,43,ProductA,2025-03-01,17.0,4.0
1426.0,60,ProductA,2025-10-01,72.0,11.0
2819.0,118,ProductA,2025-11-01,40.0,7.0
2085.0,87,ProductB,2025-09-01,83.0,13.0
4299.0,180,ProductA,2025-03-01,34.0,7.0
682.0,29,ProductA,2025-10-01,18.0,
3951.0,165,ProductB,,27.0,5.0
3400.0,142,ProductB,2025-04-01,29.0,
,26,ProductB,2025-08-01,16.0,1.0
1256.0,53,ProductA,2025-08-01,29.0,5.0
1389.0,58,ProductB,2025-09-01,22.0,2.0
4324.0,181,,2025-04-01,,3.0
4046.0,169,ProductB,2025-02-01,33.0,5.0
2901.0,121,ProductB,2025-09-01,34.0,
926.0,39,,2025-02-01,11.0,1.0
3488.0,146,ProductA,2025-08-01,56.0,13.0
,154,ProductB,2025-03-01,29.0,3.0
3707.0,155,ProductA,2025-11-01,49.0,8.0
4380.0,183,ProductA,2025-12-01,13.0,2.0
1421.0,60,ProductA,2025-05-01,58.0,14.0
,179,ProductA,2025-05-01,34.0,3.0
3044.0,127,ProductB,2025-08-01,2.0,0.0
2137.0,90,ProductA,2025-01-01,26.0,6.0
1754.0,74,,2025-02-01,43.0,7.0
1071.0,45,ProductB,2025-03-01,13.0,
3685.0,154,ProductB,2025-01-01,26.0,4.0
3263.0,136,ProductB,2025-11-01,84.0,
2892.0,121,ProductA,2025-12-01,61.0,11.0
1350.0,57,ProductA,06/01/2025,18.0,4.0
1531.0,64,ProductB,2025-07-01,23.0,3.0
326.0,14,ProductB,2025-02-01,10.0,1.0
3735.0,156,ProductB,2025-03-01,15.0,3.0
1117.0,47,ProductB,2025-01-01,21.0,4.0
2414.0,101,ProductB,2025-02-01,6.0,0.0
4556.0,190,ProductB,2025-08-01,9.0,1.0
366.0,16,ProductA,2025-06-01,31.0,6.0
1864.0,78,ProductB,2025-04-01,25.0,4.0
3158.0,132,ProductB,2025-02-01,23.0,4.0
3749.0,157,ProductA,2025-05-01,42.0,10.0
3352.0,140,ProductB,2025-04-01,10.0,1.0
,39,ProductA,2025-04-01,10.0,2.0
4741.0,198,ProductB,2025-01-01,23.0,5.0
4547.0,190,ProductA,2025-11-01,0.0,0.0
,168,ProductA,2025-01-01,36.0,8.0
82.0,4,ProductA,10/01/2025,79.0,10.0
3022.0,126,ProductB,2025-10-01,104.0,24.0
858.0,36,ProductB,2025-06-01,21.0,2.0
424.0,18,ProductB,,30.0,5.0
2144.0,90,ProductA,2025-08-01,18.0,2.0
133.0,6,ProductB,2025-01-01,24.0,4.0
935.0,39,ProductB,2025-11-01,0.0,0.0
281.0,12,ProductB,2025-05-01,6.0,0.0
541.0,23,ProductB,2025-01-01,22.0,5.0
3479.0,145,ProductB,2025-11-01,,4.0
4291.0,179,ProductB,2025-07-01,13.0,2.0
2940.0,123,ProductA,2025-12-01,60.0,12.0
1907.0,80,ProductA,2025-11-01,4.0,
3123.0,131,ProductA,2025-03-01,0.0,0.0
3049.0,128,ProductA,2025-01-01,14.0,
4021.0,168,ProductB,,35.0,5.0
4582.0,191,ProductB,2025-10-01,40.0,6.0
4186.0,175,ProductA,2025-10-01,53.0,5.0
2259.0,95,,2025-03-01,10.0,2.0
1057.0,45,ProductA,2025-01-01,6.0,
3275.0,137,ProductA,2025-11-01,22.0,4.0
4499.0,188,ProductA,11/01/2025,17.0,3.0
1607.0,67,ProductB,2025-11-01,50.0,9.0
2243.0,94,ProductA,2025-11-01,6.0,0.0
2958.0,124,ProductA,2025-06-01,,3.0
4224.0,176,ProductB,2025-12-01,,11.0
2443.0,102,ProductB,2025-07-01,18.0,2.0
1815.0,76,ProductB,2025-03-01,35.0,6.0
4029.0,168,ProductB,09/01/2025,,9.0
2389.0,100,ProductB,01/01/2025,19.0,3.0
4020.0,168,ProductA,12/01/2025,101.0,17.0
4113.0,172,ProductA,2025-09-01,19.0,3.0
3299.0,138,ProductA,2025-11-01,7.0,1.0
3559.0,149,ProductA,2025-07-01,39.0,7.0
502.0,21,ProductB,2025-10-01,42.0,9.0
2013.0,84,ProductB,2025-09-01,0.0,0.0
273.0,12,ProductA,2025-09-01,23.0,4.0
3031.0,127,ProductA,2025-07-01,17.0,2.0
3604.0,151,ProductA,2025-04-01,30.0,4.0
942.0,40,ProductA,2025-06-01,22.0,
1010.0,43,ProductA,2025-02-01,,2.0
3394.0,142,ProductA,10/01/2025,57.0,
4723.0,197,ProductB,2025-07-01,19.0,2.0
450.0,19,ProductB,2025-06-01,15.0,2.0
2375.0,99,ProductB,2025-11-01,,7.0
383.0,16,ProductB,2025-11-01,15.0,2.0
2833.0,119,ProductA,2025-01-01,27.0,3.0
3804.0,159,ProductA,2025-12-01,15.0,
4785.0,200,ProductA,2025-09-01,25.0,3.0
,183,ProductB,2025-06-01,6.0,1.0
2058.0,86,ProductB,2025-06-01,37.0,5.0
2150.0,90,ProductB,2025-02-01,34.0,4.0
2485.0,104,ProductB,2025-01-01,16.0,3.0
2797.0,117,ProductB,2025-01-01,22.0,4.0
3363.0,141,ProductA,2025-03-01,24.0,5.0
1520.0,64,ProductA,2025-08-01,7.0,1.0
4038.0,169,,06/01/2025,24.0,5.0
3482.0,146,ProductA,,40.0,8.0
862.0,36,ProductB,2025-10-01,18.0,2.0
3528.0,147,ProductB,2025-12-01,21.0,4.0
2392.0,100,ProductB,2025-04-01,30.0,5.0
1195.0,50,ProductB,2025-07-01,4.0,0.0
3408.0,142,ProductB,2025-12-01,39.0,9.0
,16,ProductB,2025-02-01,16.0,1.0
,66,ProductA,09/01/2025,58.0,9.0
874.0,37,ProductA,2025-10-01,56.0,13.0
2262.0,95,,2025-06-01,16.0,2.0
3143.0,131,,2025-11-01,0.0,0.0
2349.0,98,ProductB,2025-09-01,35.0,3.0
4333.0,181,ProductB,2025-01-01,,6.0
3043.0,127,ProductB,2025-07-01,0.0,0.0
2451.0,103,ProductA,2025-03-01,22.0,5.0
4282.0,179,ProductA,2025-10-01,34.0,8.0
1455.0,61,ProductB,03/01/2025,16.0,1.0
3916.0,164,ProductA,2025-04-01,9.0,1.0
1215.0,51,ProductB,2025-03-01,25.0,5.0
3069.0,128,ProductB,2025-09-01,17.0,2.0
3205.0,134,ProductB,2025-01-01,24.0,4.0
3602.0,151,ProductA,2025-02-01,29.0,6.0
777.0,33,ProductA,,68.0,13.0
4120.0,172,ProductB,2025-04-01,19.0,3.0
401.0,17,ProductB,2025-05-01,20.0,2.0
4755.0,199,,03/01/2025,29.0,6.0
3061.0,128,ProductB,,14.0,2.0
,83,ProductB,2025-01-01,37.0,
265.0,12,ProductA,2025-01-01,15.0,3.0
4098.0,171,ProductB,2025-06-01,25.0,3.0
,75,ProductA,2025-03-01,6.0,1.0
1776.0,74,ProductB,2025-12-01,39.0,9.0
4016.0,168,,2025-08-01,64.0,8.0
905.0,38,ProductB,2025-05-01,0.0,0.0
4351.0,182,ProductA,2025-07-01,17.0,2.0
1052.0,44,ProductB,2025-08-01,18.0,3.0
4128.0,172,ProductB,2025-12-01,33.0,3.0
,123,,,19.0,2.0
847.0,36,ProductA,,16.0,
2887.0,121,ProductA,,40.0,7.0
1187.0,50,ProductA,2025-11-01,7.0,1.0
1161.0,49,ProductA,2025-09-01,33.0,5.0
1262.0,53,ProductB,2025-02-01,15.0,3.0
3651.0,153,ProductA,2025-03-01,26.0,5.0
3418.0,143,ProductA,2025-10-01,21.0,4.0
3047.0,127,ProductB,2025-11-01,10.0,1.0
2919.0,122,ProductB,2025-03-01,19.0,3.0
493.0,21,ProductB,,30.0,6.0
,147,ProductA,02/01/2025,11.0,2.0
3556.0,149,ProductA,2025-04-01,44.0,10.0
4256.0,178,,2025-08-01,83.0,19.0
3048.0,127,ProductB,2025-12-01,11.0,2.0
575.0,24,ProductB,2025-11-01,23.0,3.0
4595.0,192,ProductA,2025-11-01,76.0,7.0
2888.0,121,ProductA,2025-08-01,46.0,8.0
1313.0,55,ProductB,2025-05-01,74.0,16.0
2075.0,87,ProductA,2025-11-01,48.0,11.0
177.0,8,ProductA,2025-09-01,79.0,
1113.0,47,ProductA,09/01/2025,40.0,6.0
2119.0,89,ProductA,2025-07-01,31.0,6.0
,141,ProductA,2025-02-01,20.0,4.0
2074.0,87,ProductA,2025-10-01,48.0,7.0
4331.0,181,ProductA,2025-11-01,56.0,6.0
3657.0,153,ProductA,2025-09-01,35.0,4.0
4271.0,178,ProductB,2025-11-01,93.0,16.0
1948.0,82,ProductA,2025-04-01,31.0,6.0
1619.0,68,ProductA,2025-11-01,61.0,11.0
4281.0,179,ProductA,2025-09-01,,4.0
3542.0,148,ProductB,2025-02-01,,1.0
904.0,38,ProductB,2025-04-01,,0.0
3666.0,153,ProductB,06/01/2025,18.0,1.0
900.0,38,ProductA,2025-12-01,11.0,1.0
4763.0,199,ProductA,2025-11-01,54.0,11.0
1667.0,70,ProductA,2025-11-01,18.0,1.0
4189.0,175,ProductB,2025-01-01,,3.0
29.0,2,ProductA,2025-05-01,37.0,6.0
4054.0,169,ProductB,2025-10-01,50.0,8.0
1170.0,49,ProductB,2025-06-01,12.0,1.0
2779.0,116,ProductB,2025-07-01,37.0,8.0
3446.0,144,ProductB,2025-02-01,25.0,5.0
66.0,3,ProductB,2025-06-01,34.0,7.0
2359.0,99,ProductA,2025-07-01,32.0,3.0
6.0,1,ProductA,2025-06-01,62.0,12.0
3713.0,155,ProductB,2025-05-01,39.0,7.0
756.0,32,ProductA,,130.0,20.0
2997.0,125,ProductB,2025-09-01,84.0,9.0
4684.0,196,ProductA,2025-04-01,28.0,4.0
1064.0,45,ProductA,2025-08-01,12.0,2.0
119.0,5,ProductB,11/01/2025,17.0,2.0
2742.0,115,ProductA,2025-06-01,32.0,6.0
1677.0,70,ProductB,2025-09-01,23.0,
4369.0,183,ProductA,2025-01-01,19.0,2.0
4452.0,186,,2025-12-01,31.0,6.0
922.0,39,ProductA,2025-10-01,5.0,1.0
1259.0,53,ProductA,2025-11-01,33.0,3.0
3848.0,161,ProductA,2025-08-01,36.0,7.0
2521.0,106,ProductA,2025-01-01,35.0,
2759.0,115,ProductB,2025-11-01,10.0,1.0
3766.0,157,ProductB,2025-10-01,20.0,4.0
3402.0,142,ProductB,2025-06-01,31.0,3.0
4094.0,171,ProductB,2025-02-01,17.0,1.0
2377.0,100,ProductA,2025-01-01,18.0,2.0
2747.0,115,ProductA,2025-11-01,30.0,6.0
4130.0,173,,,16.0,2.0
711.0,30,ProductB,2025-03-01,12.0,2.0
3156.0,132,ProductA,2025-12-01,44.0,
637.0,27,ProductB,2025-01-01,7.0,0.0
2071.0,87,ProductA,2025-07-01,46.0,9.0
3392.0,142,ProductA,,54.0,13.0
2881.0,121,ProductA,01/01/2025,38.0,5.0
818.0,35,ProductA,2025-02-01,23.0,3.0
4544.0,190,ProductA,2025-08-01,0.0,0.0
2266.0,95,ProductA,2025-10-01,16.0,1.0
3252.0,136,ProductA,12/01/2025,57.0,9.0
3927.0,164,ProductB,03/01/2025,14.0,2.0
782.0,33,ProductB,,28.0,4.0
1477.0,62,ProductB,2025-01-01,,5.0
687.0,29,ProductB,2025-03-01,21.0,2.0
1223.0,51,ProductB,2025-11-01,38.0,8.0
1140.0,48,ProductA,2025-12-01,40.0,7.0
3224.0,135,ProductA,08/01/2025,19.0,4.0
3908.0,163,ProductB,2025-08-01,26.0,6.0
,193,ProductB,2025-02-01,30.0,7.0
2977.0,125,ProductA,2025-01-01,32.0,6.0
4767.0,199,ProductB,2025-03-01,24.0,
2302.0,96,ProductB,2025-10-01,0.0,0.0
1491.0,63,ProductA,2025-03-01,8.0,1.0
995.0,42,ProductA,2025-11-01,29.0,4.0
4149.0,173,ProductB,2025-09-01,42.0,9.0
1959.0,82,ProductB,2025-03-01,28.0,5.0
4279.0,179,ProductA,2025-07-01,33.0,3.0
3091.0,129,ProductB,2025-07-01,31.0,6.0
1846.0,77,ProductB,2025-10-01,29.0,3.0
4140.0,173,ProductA,2025-12-01,41.0,6.0
2368.0,99,ProductB,2025-04-01,45.0,10.0
1294.0,54,,2025-10-01,51.0,5.0
2161.0,91,ProductA,2025-01-01,18.0,3.0
3382.0,141,ProductB,2025-10-01,35.0,5.0
,35,ProductB,2025-04-01,38.0,5.0
3961.0,166,ProductA,2025-01-01,19.0,2.0
1508.0,63,ProductB,2025-08-01,13.0,3.0
2413.0,101,ProductB,01/01/2025,7.0,0.0
2536.0,106,ProductB,2025-04-01,35.0,6.0
724.0,31,ProductA,2025-04-01,14.0,2.0
1721.0,72,ProductB,2025-05-01,84.0,11.0
1139.0,48,ProductA,2025-11-01,37.0,
3622.0,151,ProductB,2025-10-01,31.0,3.0
1824.0,76,ProductB,,49.0,7.0
111.0,5,ProductB,2025-03-01,20.0,2.0
1926.0,81,,2025-06-01,19.0,3.0
3269.0,137,ProductA,2025-05-01,30.0,3.0
324.0,14,ProductA,2025-12-01,2.0,
759.0,32,ProductB,2025-03-01,70.0,10.0
2566.0,107,ProductB,2025-10-01,138.0,21.0
2184.0,91,ProductB,2025-12-01,48.0,8.0
4295.0,179,ProductB,2025-11-01,14.0,2.0
2006.0,84,ProductB,2025-02-01,19.0,3.0
550.0,23,ProductB,2025-10-01,38.0,4.0
3658.0,153,ProductA,2025-10-01,38.0,7.0
2800.0,117,ProductB,2025-04-01,28.0,4.0
2994.0,125,ProductB,,63.0,11.0
2523.0,106,ProductA,2025-03-01,32.0,7.0
3510.0,147,ProductA,2025-06-01,,2.0
1637.0,69,ProductA,2025-05-01,30.0,4.0
3120.0,130,ProductB,2025-12-01,20.0,4.0
1419.0,60,ProductA,2025-03-01,48.0,10.0
4232.0,177,ProductA,,47.0,11.0
3682.0,154,ProductA,2025-10-01,34.0,4.0
2890.0,121,ProductA,2025-10-01,60.0,14.0
1760.0,74,ProductA,2025-08-01,50.0,5.0
3694.0,154,ProductB,2025-10-01,37.0,8.0
2612.0,109,ProductB,2025-08-01,45.0,5.0
4519.0,189,ProductA,2025-07-01,5.0,0.0
1715.0,72,ProductA,2025-11-01,161.0,33.0
2167.0,91,ProductA,07/01/2025,31.0,7.0
2556.0,107,ProductA,2025-12-01,141.0,24.0
1729.0,73,ProductA,01/01/2025,16.0,3.0
1854.0,78,ProductA,2025-06-01,42.0,10.0
4370.0,183,,2025-02-01,21.0,2.0
763.0,32,ProductB,2025-07-01,80.0,11.0
2342.0,98,ProductB,2025-02-01,34.0,5.0
1735.0,73,ProductA,2025-07-01,6.0,1.0
1763.0,74,ProductA,2025-11-01,67.0,15.0
958.0,40,ProductB,2025-10-01,35.0,6.0
1944.0,81,ProductB,2025-12-01,,9.0
1723.0,72,ProductB,2025-07-01,102.0,20.0
507.0,22,ProductA,2025-03-01,29.0,5.0
869.0,37,ProductA,2025-05-01,43.0,5.0
3649.0,153,ProductA,2025-01-01,16.0,2.0
4034.0,169,ProductA,2025-02-01,20.0,3.0
412.0,18,ProductA,04/01/2025,29.0,5.0
3980.0,166,ProductB,2025-08-01,28.0,6.0
391.0,17,ProductA,2025-07-01,13.0,1.0
479.0,20,ProductB,11/01/2025,1.0,0.0
690.0,29,ProductB,2025-06-01,14.0,3.0
329.0,14,ProductB,2025-05-01,9.0,1.0
4705.0,197,ProductA,01/01/2025,16.0,2.0
3705.0,155,ProductA,2025-09-01,40.0,6.0
3427.0,143,ProductB,2025-07-01,0.0,0.0
518.0,22,ProductB,2025-02-01,17.0,1.0
3571.0,149,ProductB,2025-07-01,45.0,4.0
4489.0,188,ProductA,2025-01-01,29.0,6.0
,147,ProductA,02/01/2025,11.0,2.0
4795.0,200,ProductB,2025-07-01,5.0,1.0
2112.0,88,ProductB,12/01/2025,53.0,6.0
2207.0,92,ProductB,2025-11-01,74.0,16.0
3906.0,163,ProductB,,25.0,3.0
646.0,27,ProductB,2025-10-01,8.0,1.0
1554.0,65,ProductB,2025-06-01,40.0,4.0
725.0,31,ProductA,2025-05-01,14.0,2.0
3185.0,133,ProductB,2025-05-01,26.0,4.0
2579.0,108,ProductA,2025-11-01,71.0,13.0
2603.0,109,ProductA,2025-11-01,43.0,6.0
1481.0,62,ProductB,2025-05-01,35.0,8.0
981.0,41,ProductB,2025-09-01,59.0,11.0
1586.0,67,ProductA,2025-02-01,26.0,4.0
3519.0,147,,,18.0,3.0
4350.0,182,ProductA,2025-06-01,8.0,0.0
3802.0,159,ProductA,2025-10-01,9.0,1.0
659.0,28,ProductA,2025-11-01,25.0,5.0
1753.0,74,ProductA,2025-01-01,41.0,6.0
1364.0,57,ProductB,2025-08-01,9.0,1.0
4596.0,192,ProductA,2025-12-01,87.0,10.0
4292.0,179,ProductB,,,2.0
4241.0,177,ProductB,2025-05-01,39.0,7.0
124.0,6,ProductA,2025-04-01,25.0,3.0
3904.0,163,ProductB,2025-04-01,37.0,
4589.0,192,ProductA,2025-05-01,,8.0
2199.0,92,ProductB,2025-03-01,35.0,4.0
2943.0,123,ProductB,03/01/2025,19.0,2.0
4287.0,179,ProductB,2025-03-01,17.0,3.0
3662.0,153,ProductB,02/01/2025,16.0,1.0
4663.0,195,ProductA,07/01/2025,47.0,5.0
3339.0,140,ProductA,2025-03-01,11.0,
3231.0,135,ProductB,2025-03-01,22.0,3.0
959.0,40,ProductB,,43.0,9.0
1361.0,57,ProductB,2025-05-01,8.0,1.0
3478.0,145,ProductB,2025-10-01,28.0,4.0
3922.0,164,ProductA,2025-10-01,7.0,1.0
2938.0,123,ProductA,2025-10-01,55.0,9.0
4264.0,178,ProductB,2025-04-01,41.0,7.0
557.0,24,ProductA,2025-05-01,17.0,2.0
3356.0,140,ProductB,2025-08-01,21.0,2.0
1547.0,65,ProductA,2025-11-01,70.0,16.0
188.0,8,ProductB,2025-08-01,45.0,
1942.0,81,ProductB,2025-10-01,39.0,4.0
4739.0,198,ProductA,2025-11-01,62.0,8.0
2986.0,125,ProductA,2025-10-01,72.0,15.0
292.0,13,ProductA,2025-04-01,30.0,3.0
4743.0,198,ProductB,2025-03-01,18.0,4.0
3863.0,161,ProductB,2025-11-01,15.0,2.0
941.0,40,ProductA,05/01/2025,22.0,3.0
2780.0,116,ProductB,2025-08-01,35.0,8.0
4366.0,182,ProductB,2025-10-01,22.0,3.0
3194.0,134,ProductA,2025-02-01,32.0,5.0
474.0,20,ProductB,06/01/2025,7.0,1.0
3750.0,157,ProductA,2025-06-01,44.0,5.0
4432.0,185,ProductB,04/01/2025,,8.0
3808.0,159,ProductB,2025-04-01,14.0,2.0
441.0,19,ProductA,,28.0,4.0
2170.0,91,ProductA,2025-10-01,30.0,6.0
4163.0,174,ProductA,2025-11-01,46.0,
2937.0,123,ProductA,2025-09-01,47.0,8.0
2217.0,93,ProductA,2025-09-01,8.0,
2879.0,120,ProductB,2025-11-01,56.0,8.0
,151,ProductA,2025-01-01,28.0,6.0
283.0,12,ProductB,2025-07-01,9.0,1.0
3781.0,158,ProductB,2025-01-01,34.0,5.0
719.0,30,,2025-11-01,3.0,0.0
2410.0,101,ProductA,2025-10-01,19.0,3.0
4541.0,190,ProductA,2025-05-01,,0.0
3577.0,150,ProductA,,20.0,3.0
1.0,1,ProductA,2025-01-01,25.0,5.0
2752.0,115,ProductB,04/01/2025,14.0,3.0
1845.0,77,ProductB,2025-09-01,,3.0
4789.0,200,ProductB,2025-01-01,16.0,3.0
594.0,25,ProductB,2025-06-01,33.0,7.0
1461.0,61,ProductB,2025-09-01,19.0,4.0
639.0,27,ProductB,2025-03-01,4.0,0.0
,105,ProductB,2025-06-01,31.0,4.0
1982.0,83,ProductB,2025-02-01,,4.0
3626.0,152,ProductA,2025-02-01,15.0,2.0
184.0,8,ProductB,2025-04-01,33.0,4.0
1207.0,51,ProductA,2025-07-01,,5.0
3312.0,138,ProductB,2025-12-01,20.0,4.0
767.0,32,ProductB,,128.0,19.0
542.0,23,ProductB,2025-02-01,24.0,5.0
4381.0,183,ProductB,2025-01-01,11.0,1.0
310.0,13,ProductB,2025-10-01,33.0,5.0
381.0,16,ProductB,09/01/2025,14.0,2.0
4523.0,189,ProductA,2025-11-01,6.0,1.0
2673.0,112,ProductA,2025-09-01,56.0,11.0
2734.0,114,ProductB,2025-10-01,167.0,20.0
1106.0,47,ProductA,2025-02-01,24.0,5.0
744.0,31,ProductB,2025-12-01,26.0,5.0
48.0,2,ProductB,2025-12-01,66.0,7.0
1134.0,48,ProductA,06/01/2025,31.0,5.0
768.0,32,,2025-12-01,151.0,37.0
2327.0,97,ProductB,2025-11-01,26.0,4.0
914.0,39,ProductA,2025-02-01,5.0,0.0
1403.0,59,,2025-11-01,48.0,8.0
2600.0,109,ProductA,2025-08-01,41.0,
4408.0,184,ProductB,2025-04-01,39.0,6.0
1424.0,60,ProductA,,65.0,13.0
2623.0,110,ProductA,,39.0,6.0
4521.0,189,ProductA,2025-09-01,2.0,0.0
1973.0,83,ProductA,2025-05-01,32.0,6.0
3824.0,160,ProductA,2025-08-01,35.0,3.0
568.0,24,ProductB,2025-04-01,20.0,4.0
1488.0,62,ProductB,2025-12-01,50.0,5.0
3926.0,164,ProductB,,13.0,1.0
1570.0,66,ProductA,2025-10-01,69.0,12.0
1742.0,73,ProductB,2025-02-01,25.0,5.0
3558.0,149,ProductA,2025-06-01,38.0,6.0
2062.0,86,ProductB,2025-10-01,49.0,8.0
22.0,1,ProductB,2025-10-01,148.0,32.0
3380.0,141,ProductB,2025-08-01,31.0,4.0
3555.0,149,ProductA,2025-03-01,39.0,4.0
2770.0,116,ProductA,10/01/2025,32.0,5.0
190.0,8,ProductB,2025-10-01,51.0,
,97,ProductB,2025-02-01,30.0,4.0
4709.0,197,ProductA,05/01/2025,33.0,6.0
3346.0,140,ProductA,2025-10-01,11.0,2.0
2319.0,97,ProductB,2025-03-01,37.0,6.0
2718.0,114,ProductA,2025-06-01,126.0,27.0
3128.0,131,ProductA,2025-08-01,3.0,
1951.0,82,ProductA,07/01/2025,30.0,5.0
2.0,1,ProductA,2025-02-01,,8.0
4516.0,189,ProductA,04/01/2025,6.0,1.0
1135.0,48,,2025-07-01,38.0,4.0
2118.0,89,ProductA,,27.0,4.0
4075.0,170,ProductB,2025-07-01,12.0,1.0
2218.0,93,ProductA,2025-10-01,10.0,1.0
2837.0,119,ProductA,2025-05-01,33.0,6.0
431.0,18,ProductB,2025-11-01,48.0,10.0
3104.0,130,ProductA,2025-08-01,26.0,5.0
2276.0,95,ProductB,2025-08-01,9.0,
4704.0,196,ProductB,,24.0,3.0
4502.0,188,ProductB,2025-02-01,25.0,4.0
1321.0,56,ProductA,2025-01-01,38.0,5.0
3696.0,154,ProductB,2025-12-01,47.0,9.0
3608.0,151,ProductA,08/01/2025,26.0,5.0
,148,ProductA,2025-07-01,9.0,1.0
3081.0,129,ProductA,2025-09-01,37.0,5.0
2914.0,122,ProductA,2025-10-01,2.0,0.0
2801.0,117,ProductB,2025-05-01,28.0,4.0
878.0,37,ProductB,,19.0,3.0
2807.0,117,ProductB,2025-11-01,,7.0
3870.0,162,ProductA,2025-06-01,47.0,7.0
1969.0,83,ProductA,2025-01-01,35.0,7.0
2919.0,122,ProductB,2025-03-01,19.0,3.0
4677.0,195,ProductB,09/01/2025,65.0,15.0
1021.0,43,ProductB,2025-01-01,16.0,2.0
4787.0,200,ProductA,2025-11-01,26.0,3.0
3159.0,132,ProductB,2025-03-01,23.0,2.0
4782.0,200,ProductA,2025-06-01,18.0,4.0
3689.0,154,ProductB,2025-05-01,32.0,5.0
1612.0,68,ProductA,2025-04-01,55.0,6.0
1282.0,54,ProductA,,37.0,4.0
,157,ProductB,2025-07-01,38.0,6.0
2829.0,118,ProductB,2025-09-01,22.0,3.0
165.0,7,ProductB,2025-09-01,41.0,8.0
,13,ProductB,2025-01-01,28.0,3.0
3355.0,140,ProductB,2025-07-01,18.0,3.0
1040.0,44,ProductA,,,6.0
2792.0,117,ProductA,2025-08-01,35.0,
2889.0,121,ProductA,2025-09-01,50.0,7.0
1892.0,79,ProductB,2025-08-01,29.0,5.0
3288.0,137,ProductB,2025-12-01,28.0,6.0
3243.0,136,ProductA,2025-03-01,47.0,7.0
2942.0,123,ProductB,2025-02-01,17.0,1.0
3736.0,156,ProductB,2025-04-01,13.0,1.0
1879.0,79,ProductA,2025-07-01,25.0,5.0
2068.0,87,ProductA,2025-04-01,32.0,
,181,ProductA,2025-10-01,42.0,9.0
2991.0,125,ProductB,03/01/2025,45.0,11.0
242.0,11,ProductA,2025-02-01,15.0,2.0
1532.0,64,ProductB,2025-08-01,31.0,4.0
4447.0,186,ProductA,2025-07-01,26.0,5.0
1430.0,60,ProductB,02/01/2025,30.0,3.0
3447.0,144,ProductB,2025-03-01,25.0,4.0
4201.0,176,ProductA,2025-01-01,24.0,5.0
3016.0,126,ProductB,2025-04-01,60.0,8.0
1572.0,66,,2025-12-01,79.0,16.0
4486.0,187,ProductB,10/01/2025,30.0,3.0
1065.0,45,ProductA,2025-09-01,16.0,2.0
,153,ProductB,2025-08-01,26.0,5.0
2865.0,120,ProductA,2025-09-01,45.0,5.0
4080.0,170,ProductB,2025-12-01,29.0,3.0
1644.0,69,ProductA,2025-12-01,32.0,6.0
2721.0,114,ProductA,2025-09-01,199.0,26.0
538.0,23,ProductA,2025-10-01,38.0,5.0
1092.0,46,ProductA,2025-12-01,25.0,5.0
1323.0,56,ProductA,2025-03-01,49.0,10.0
4579.0,191,ProductB,2025-07-01,28.0,4.0
1662.0,70,ProductA,2025-06-01,15.0,3.0
4383.0,183,ProductB,2025-03-01,7.0,1.0
445.0,19,,2025-01-01,12.0,1.0
2346.0,98,ProductB,2025-06-01,28.0,2.0
1255.0,53,ProductA,2025-07-01,23.0,4.0
2367.0,99,ProductB,2025-03-01,,8.0
4148.0,173,ProductB,2025-08-01,42.0,8.0
3605.0,151,ProductA,2025-05-01,26.0,3.0
722.0,31,ProductA,2025-02-01,6.0,1.0
,189,ProductB,2025-01-01,7.0,1.0
2008.0,84,ProductB,2025-04-01,8.0,1.0
4086.0,171,ProductA,2025-06-01,15.0,2.0
1400.0,59,ProductA,2025-08-01,40.0,4.0
960.0,40,ProductB,2025-12-01,50.0,7.0
223.0,10,ProductA,2025-07-01,27.0,6.0
3119.0,130,ProductB,2025-11-01,18.0,3.0
4437.0,185,ProductB,,41.0,8.0
4127.0,172,ProductB,2025-11-01,30.0,
1890.0,79,ProductB,2025-06-01,22.0,2.0
3066.0,128,ProductB,2025-06-01,,2.0
3644.0,152,ProductB,,26.0,2.0
2633.0,110,ProductB,2025-05-01,18.0,2.0
,111,ProductA,2025-04-01,7.0,
2624.0,110,ProductA,2025-08-01,39.0,
429.0,18,ProductB,2025-09-01,49.0,7.0
1516.0,64,ProductA,2025-04-01,16.0,3.0
1184.0,50,ProductA,2025-08-01,2.0,0.0
665.0,28,,05/01/2025,16.0,1.0
3170.0,133,ProductA,02/01/2025,12.0,1.0
3440.0,144,ProductA,2025-08-01,34.0,
2515.0,105,ProductB,07/01/2025,38.0,8.0
2698.0,113,ProductA,2025-10-01,43.0,5.0
2393.0,100,ProductB,2025-05-01,28.0,4.0
549.0,23,ProductB,2025-09-01,40.0,8.0
1260.0,53,,2025-12-01,39.0,7.0
4793.0,200,ProductB,2025-05-01,8.0,1.0
2874.0,120,ProductB,2025-06-01,40.0,4.0
2306.0,97,ProductA,2025-02-01,35.0,8.0
4526.0,189,ProductB,2025-02-01,9.0,1.0
228.0,10,ProductA,2025-12-01,27.0,
1843.0,77,ProductB,2025-07-01,28.0,5.0
1813.0,76,ProductB,2025-01-01,28.0,5.0
4500.0,188,ProductA,2025-12-01,17.0,3.0
1685.0,71,ProductA,2025-05-01,23.0,3.0
2657.0,111,ProductB,2025-05-01,5.0,0.0
,134,,2025-04-01,35.0,5.0
3645.0,152,ProductB,2025-09-01,,5.0
4399.0,184,,2025-07-01,65.0,8.0
2990.0,125,ProductB,2025-02-01,40.0,9.0
2508.0,105,ProductA,2025-12-01,35.0,3.0
3429.0,143,ProductB,2025-09-01,0.0,0.0
3621.0,151,ProductB,2025-09-01,26.0,3.0
3491.0,146,ProductA,11/01/2025,,13.0
820.0,35,ProductA,2025-04-01,26.0,5.0
2577.0,108,ProductA,2025-09-01,57.0,11.0
4413.0,184,ProductB,2025-09-01,71.0,9.0
991.0,42,ProductA,2025-07-01,31.0,3.0
293.0,13,ProductA,2025-05-01,39.0,7.0
4593.0,192,ProductA,2025-09-01,76.0,11.0
4280.0,179,ProductA,08/01/2025,32.0,7.0
358.0,15,ProductB,2025-10-01,13.0,1.0
,159,ProductA,2025-01-01,7.0,1.0
2926.0,122,ProductB,2025-10-01,18.0,
1439.0,60,ProductB,2025-11-01,86.0,
1559.0,65,ProductB,2025-11-01,55.0,6.0
1391.0,58,ProductB,11/01/2025,21.0,3.0
4684.0,196,ProductA,2025-04-01,28.0,4.0
348.0,15,ProductA,2025-12-01,5.0,0.0
676.0,29,ProductA,2025-04-01,23.0,3.0
4176.0,174,ProductB,,34.0,8.0
1645.0,69,ProductB,01/01/2025,22.0,3.0
81.0,4,ProductA,09/01/2025,76.0,9.0
3718.0,155,,2025-10-01,48.0,7.0
496.0,21,ProductB,2025-04-01,27.0,4.0
2353.0,99,ProductA,2025-01-01,,3.0
789.0,33,ProductB,2025-09-01,48.0,6.0
,149,ProductB,2025-09-01,47.0,5.0
3423.0,143,ProductB,2025-03-01,3.0,0.0
126.0,6,ProductA,2025-06-01,29.0,3.0
16.0,1,ProductB,2025-04-01,62.0,13.0
3663.0,153,ProductB,2025-03-01,17.0,2.0
2292.0,96,ProductA,2025-12-01,,0.0
4156.0,174,ProductA,2025-04-01,23.0,5.0
2104.0,88,ProductB,2025-04-01,38.0,5.0
1097.0,46,ProductB,2025-05-01,16.0,3.0
2743.0,115,ProductA,2025-07-01,29.0,5.0
2222.0,93,ProductB,2025-02-01,22.0,3.0
1762.0,74,ProductA,,67.0,15.0
1331.0,56,ProductA,2025-11-01,88.0,14.0
94.0,4,ProductB,2025-10-01,84.0,19.0
,64,ProductB,2025-05-01,16.0,3.0
940.0,40,ProductA,2025-04-01,23.0,4.0
4325.0,181,ProductA,2025-05-01,25.0,5.0
784.0,33,ProductB,2025-04-01,33.0,8.0
4296.0,179,ProductB,2025-12-01,11.0,2.0
2597.0,109,ProductA,05/01/2025,38.0,6.0
3987.0,167,ProductA,2025-03-01,41.0,9.0
3298.0,138,ProductA,10/01/2025,9.0,1.0
1123.0,47,ProductB,2025-07-01,46.0,6.0
548.0,23,ProductB,2025-08-01,41.0,8.0
694.0,29,ProductB,2025-10-01,17.0,3.0
672.0,28,ProductB,2025-12-01,16.0,2.0
4725.0,197,ProductB,2025-09-01,18.0,3.0
3020.0,126,ProductB,2025-08-01,89.0,17.0
1713.0,72,ProductA,2025-09-01,142.0,
175.0,8,ProductA,2025-07-01,76.0,17.0
1798.0,75,ProductB,2025-10-01,,0.0
4240.0,177,ProductB,2025-04-01,35.0,6.0
4564.0,191,,2025-04-01,20.0,3.0
2249.0,94,ProductB,2025-05-01,28.0,3.0
3947.0,165,ProductA,2025-11-01,38.0,4.0
855.0,36,ProductB,2025-03-01,,1.0
4362.0,182,ProductB,2025-06-01,20.0,4.0
2461.0,103,ProductB,2025-01-01,24.0,4.0
38.0,2,ProductB,2025-02-01,22.0,2.0
813.0,34,ProductB,2025-09-01,21.0,2.0
3164.0,132,ProductB,2025-08-01,18.0,
1118.0,47,ProductB,2025-02-01,26.0,5.0
3745.0,157,ProductA,2025-01-01,36.0,8.0
4195.0,175,,2025-07-01,32.0,5.0
3125.0,131,ProductA,2025-05-01,4.0,0.0
2250.0,94,ProductB,2025-06-01,31.0,6.0
2842.0,119,ProductA,2025-10-01,36.0,8.0
1770.0,74,ProductB,2025-06-01,42.0,9.0
4491.0,188,ProductA,2025-03-01,26.0,4.0
697.0,30,ProductA,2025-01-01,20.0,4.0
4553.0,190,ProductB,2025-05-01,17.0,3.0
1833.0,77,ProductA,2025-09-01,52.0,6.0
1887.0,79,ProductB,2025-03-01,24.0,4.0
1273.0,54,ProductA,2025-01-01,,3.0
4495.0,188,ProductA,2025-07-01,23.0,4.0
4404.0,184,ProductA,12/01/2025,110.0,13.0
1901.0,80,ProductA,2025-05-01,0.0,0.0
4010.0,168,ProductA,2025-02-01,38.0,4.0
2053.0,86,ProductB,2025-01-01,22.0,4.0
1490.0,63,ProductA,2025-02-01,10.0,1.0
3839.0,160,ProductB,2025-11-01,45.0,8.0
,96,ProductB,2025-06-01,6.0,0.0
,79,ProductB,2025-09-01,29.0,4.0
3240.0,135,ProductB,2025-12-01,27.0,4.0
2320.0,97,ProductB,2025-04-01,35.0,8.0
2163.0,91,ProductA,03/01/2025,24.0,5.0
2370.0,99,ProductB,2025-06-01,58.0,6.0
408.0,17,ProductB,2025-12-01,28.0,4.0
4535.0,189,ProductB,,4.0,0.0
4645.0,194,ProductB,2025-01-01,8.0,1.0
4478.0,187,ProductB,2025-02-01,29.0,3.0
,79,ProductB,2025-01-01,20.0,4.0
2070.0,87,ProductA,2025-06-01,39.0,3.0
1679.0,70,ProductB,2025-11-01,27.0,4.0
4373.0,183,ProductA,05/01/2025,22.0,4.0
2992.0,125,ProductB,2025-04-01,43.0,8.0
,93,ProductA,2025-07-01,13.0,2.0
3196.0,134,ProductA,2025-04-01,42.0,8.0
122.0,6,ProductA,,18.0,2.0
1078.0,45,ProductB,2025-10-01,17.0,2.0
3217.0,135,ProductA,2025-01-01,14.0,1.0
3546.0,148,ProductB,2025-06-01,0.0,0.0
989.0,42,ProductA,2025-05-01,32.0,5.0
3407.0,142,ProductB,2025-11-01,43.0,5.0
4759.0,199,ProductA,2025-07-01,41.0,6.0
1343.0,56,ProductB,2025-11-01,76.0,17.0
1191.0,50,ProductB,2025-03-01,7.0,1.0
1381.0,58,ProductB,2025-01-01,14.0,2.0
1199.0,50,,2025-11-01,15.0,3.0
3333.0,139,ProductB,2025-09-01,32.0,7.0
3334.0,139,ProductB,2025-10-01,29.0,5.0
2690.0,113,ProductA,2025-02-01,,2.0
3239.0,135,ProductB,2025-11-01,32.0,4.0
4043.0,169,ProductA,2025-11-01,31.0,6.0
4539.0,190,ProductA,2025-03-01,2.0,0.0
1731.0,73,ProductA,2025-03-01,,1.0
2844.0,119,ProductA,2025-12-01,58.0,10.0
2456.0,103,ProductA,2025-08-01,21.0,5.0
2487.0,104,ProductB,2025-03-01,10.0,1.0
,189,ProductA,2025-05-01,4.0,0.0
1169.0,49,ProductB,2025-05-01,12.0,1.0
1865.0,78,ProductB,2025-05-01,29.0,3.0
658.0,28,,2025-10-01,24.0,5.0
4223.0,176,ProductB,,51.0,8.0
4518.0,189,ProductA,2025-06-01,5.0,0.0
3942.0,165,ProductA,2025-06-01,31.0,6.0
1253.0,53,ProductA,2025-05-01,18.0,1.0
2513.0,105,ProductB,2025-05-01,30.0,4.0
4631.0,193,ProductB,2025-11-01,29.0,5.0
531.0,23,ProductA,2025-03-01,31.0,6.0
3403.0,142,ProductB,2025-07-01,34.0,5.0
1270.0,53,ProductB,2025-10-01,15.0,3.0
1605.0,67,ProductB,2025-09-01,43.0,4.0
1093.0,46,ProductB,2025-01-01,12.0,2.0
3728.0,156,ProductA,2025-08-01,32.0,3.0
2340.0,98,ProductA,2025-12-01,56.0,12.0
1701.0,71,ProductB,2025-09-01,,7.0
765.0,32,ProductB,2025-09-01,99.0,20.0
2310.0,97,ProductA,2025-06-01,35.0,7.0
1125.0,47,ProductB,2025-09-01,57.0,8.0
4141.0,173,ProductB,2025-01-01,27.0,
1641.0,69,ProductA,09/01/2025,32.0,6.0
844.0,36,ProductA,2025-04-01,11.0,1.0
4769.0,199,ProductB,2025-05-01,17.0,
3010.0,126,ProductA,10/01/2025,131.0,17.0
336.0,14,ProductB,12/01/2025,8.0,1.0
1417.0,60,ProductA,,38.0,6.0
3397.0,142,ProductB,2025-01-01,34.0,6.0
2004.0,84,ProductA,2025-12-01,7.0,0.0
3204.0,134,ProductA,2025-12-01,34.0,3.0
3650.0,153,ProductA,2025-02-01,22.0,3.0
2641.0,111,ProductA,2025-01-01,7.0,1.0
1227.0,52,ProductA,2025-03-01,26.0,3.0
3398.0,142,ProductB,2025-02-01,32.0,7.0
361.0,16,ProductA,2025-01-01,16.0,2.0
3290.0,138,ProductA,2025-02-01,13.0,2.0
1801.0,76,ProductA,2025-01-01,24.0,3.0
524.0,22,ProductB,08/01/2025,18.0,3.0
786.0,33,ProductB,06/01/2025,38.0,9.0
1026.0,43,ProductB,2025-06-01,29.0,3.0
,77,ProductA,,35.0,3.0
4676.0,195,ProductB,2025-08-01,68.0,16.0
3214.0,134,ProductB,2025-10-01,46.0,9.0
2927.0,122,ProductB,11/01/2025,14.0,1.0
4048.0,169,ProductB,2025-04-01,39.0,8.0
4211.0,176,ProductA,2025-11-01,66.0,15.0
3599.0,150,,2025-11-01,43.0,6.0
2594.0,109,ProductA,2025-02-01,36.0,6.0
2776.0,116,ProductB,2025-04-01,33.0,5.0
,126,ProductB,2025-12-01,126.0,31.0
4724.0,197,ProductB,2025-08-01,18.0,2.0
1435.0,60,ProductB,2025-07-01,67.0,16.0
2691.0,113,ProductA,2025-03-01,23.0,4.0
1272.0,53,ProductB,2025-12-01,22.0,2.0
2111.0,88,ProductB,2025-11-01,56.0,12.0
2872.0,120,ProductB,2025-04-01,40.0,8.0
116.0,5,,2025-08-01,24.0,4.0
100.0,5,ProductA,2025-04-01,19.0,4.0
2538.0,106,ProductB,2025-06-01,32.0,7.0
4365.0,182,,2025-09-01,20.0,3.0
3026.0,127,ProductA,2025-02-01,12.0,2.0
466.0,20,ProductA,2025-10-01,23.0,5.0
195.0,9,ProductA,2025-03-01,18.0,2.0
3509.0,147,ProductA,2025-05-01,10.0,1.0
822.0,35,ProductA,2025-06-01,41.0,9.0
2533.0,106,ProductB,2025-01-01,25.0,
2707.0,113,,2025-07-01,19.0,2.0
3553.0,149,ProductA,2025-01-01,41.0,9.0
523.0,22,ProductB,2025-07-01,21.0,2.0
2192.0,92,ProductA,2025-08-01,36.0,4.0
3874.0,162,ProductA,,56.0,10.0
2479.0,104,ProductA,,17.0,3.0
4786.0,200,ProductA,2025-10-01,23.0,4.0
4053.0,169,ProductB,2025-09-01,49.0,10.0
1878.0,79,ProductA,,27.0,5.0
3436.0,144,ProductA,2025-04-01,32.0,4.0
4674.0,195,ProductB,2025-06-01,49.0,11.0
170.0,8,ProductA,2025-02-01,41.0,8.0
3538.0,148,ProductA,2025-10-01,10.0,1.0
4019.0,168,ProductA,2025-11-01,88.0,10.0
2629.0,110,ProductB,2025-01-01,19.0,3.0
1733.0,73,ProductA,2025-05-01,9.0,2.0
4612.0,193,ProductA,04/01/2025,24.0,2.0
1363.0,57,ProductB,2025-07-01,11.0,2.0
4317.0,180,ProductB,,66.0,6.0
,122,ProductB,2025-02-01,19.0,2.0
2909.0,122,ProductA,2025-05-01,6.0,
3552.0,148,ProductB,2025-12-01,1.0,0.0
317.0,14,,2025-05-01,0.0,0.0
3544.0,148,ProductB,2025-04-01,8.0,1.0
1718.0,72,ProductB,2025-02-01,54.0,6.0
332.0,14,ProductB,2025-08-01,11.0,2.0
3825.0,160,ProductA,2025-09-01,36.0,
3306.0,138,ProductB,2025-06-01,26.0,5.0
4558.0,190,ProductB,2025-10-01,6.0,0.0
321.0,14,ProductA,2025-09-01,0.0,0.0
54.0,3,ProductA,2025-06-01,30.0,4.0
2745.0,115,ProductA,2025-09-01,32.0,5.0
28.0,2,ProductA,2025-04-01,32.0,4.0
3467.0,145,ProductA,11/01/2025,23.0,4.0
4184.0,175,ProductA,2025-08-01,41.0,6.0
179.0,8,,11/01/2025,107.0,20.0
1837.0,77,ProductB,2025-01-01,25.0,4.0
2656.0,111,ProductB,2025-04-01,1.0,0.0
256.0,11,ProductB,2025-04-01,12.0,1.0
2405.0,101,ProductA,05/01/2025,18.0,3.0
,183,ProductA,2025-08-01,21.0,4.0
2692.0,113,ProductA,2025-04-01,23.0,4.0
1243.0,52,ProductB,2025-07-01,26.0,6.0
2953.0,124,ProductA,2025-01-01,7.0,1.0
3971.0,166,ProductA,2025-11-01,23.0,3.0
2980.0,125,ProductA,2025-04-01,45.0,6.0
2066.0,87,ProductA,02/01/2025,27.0,4.0
2587.0,108,,2025-07-01,38.0,4.0
4035.0,169,ProductA,2025-03-01,21.0,2.0
3720.0,155,ProductB,2025-12-01,43.0,5.0
4283.0,179,ProductA,2025-11-01,34.0,6.0
1847.0,77,ProductB,2025-11-01,35.0,6.0
3148.0,132,ProductA,04/01/2025,36.0,5.0
1858.0,78,ProductA,2025-10-01,53.0,11.0
804.0,34,ProductA,2025-12-01,28.0,
4322.0,181,ProductA,2025-02-01,22.0,
2636.0,110,ProductB,08/01/2025,20.0,2.0
1501.0,63,ProductB,2025-01-01,20.0,2.0
3742.0,156,ProductB,,17.0,3.0
3774.0,158,ProductA,2025-06-01,37.0,5.0
834.0,35,ProductB,2025-06-01,58.0,7.0
2823.0,118,ProductB,2025-03-01,11.0,1.0
207.0,9,ProductB,2025-03-01,25.0,3.0
,82,ProductB,2025-12-01,55.0,13.0
631.0,27,ProductA,,15.0,1.0
1794.0,75,ProductB,,0.0,0.0
151.0,7,ProductA,2025-07-01,39.0,5.0
2265.0,95,ProductA,09/01/2025,17.0,
4490.0,188,ProductA,2025-02-01,26.0,6.0
1239.0,52,ProductB,2025-03-01,25.0,5.0
105.0,5,ProductA,2025-09-01,0.0,0.0
529.0,23,ProductA,2025-01-01,,5.0
438.0,19,ProductA,2025-06-01,22.0,4.0
,130,ProductB,2025-05-01,22.0,2.0
2041.0,86,ProductA,2025-01-01,20.0,4.0
3787.0,158,ProductB,2025-07-01,52.0,5.0
2794.0,117,ProductA,2025-10-01,44.0,8.0
2616.0,109,ProductB,2025-12-01,52.0,9.0
239.0,10,ProductB,2025-11-01,49.0,12.0
1084.0,46,ProductA,2025-04-01,15.0,1.0
163.0,7,ProductB,07/01/2025,34.0,4.0
62.0,3,ProductB,2025-02-01,31.0,7.0
1695.0,71,ProductB,2025-03-01,28.0,3.0
1208.0,51,ProductA,08/01/2025,36.0,5.0
3443.0,144,ProductA,2025-11-01,32.0,6.0
2441.0,102,ProductB,2025-05-01,,3.0
1925.0,81,ProductA,,,3.0
1682.0,71,ProductA,2025-02-01,24.0,5.0
1121.0,47,ProductB,2025-05-01,,6.0
1594.0,67,ProductA,,51.0,5.0
3810.0,159,ProductB,2025-06-01,17.0,4.0
1822.0,76,ProductB,2025-10-01,43.0,10.0
2660.0,111,ProductB,2025-08-01,7.0,0.0
931.0,39,ProductB,2025-07-01,,1.0
1031.0,43,ProductB,2025-11-01,34.0,3.0
580.0,25,ProductA,2025-04-01,37.0,4.0
2724.0,114,ProductA,2025-12-01,268.0,44.0
4359.0,182,ProductB,2025-03-01,13.0,2.0
2960.0,124,ProductA,2025-08-01,16.0,3.0
2164.0,91,ProductA,2025-04-01,29.0,3.0
4257.0,178,ProductA,2025-09-01,97.0,18.0
3419.0,143,ProductA,2025-11-01,16.0,1.0
4303.0,180,ProductA,2025-07-01,52.0,10.0
85.0,4,,2025-01-01,35.0,6.0
,144,ProductB,2025-04-01,24.0,4.0
3281.0,137,ProductB,2025-05-01,25.0,5.0
3797.0,159,ProductA,2025-05-01,15.0,1.0
4448.0,186,ProductA,2025-08-01,23.0,4.0
3411.0,143,ProductA,2025-03-01,14.0,1.0
4423.0,185,ProductA,2025-07-01,34.0,7.0
3757.0,157,ProductB,2025-01-01,39.0,7.0
41.0,2,ProductB,2025-05-01,35.0,6.0
1149.0,48,ProductB,2025-09-01,59.0,7.0
4072.0,170,ProductB,2025-04-01,20.0,2.0
2645.0,111,ProductA,05/01/2025,11.0,2.0
1472.0,62,ProductA,2025-08-01,31.0,5.0
,44,ProductA,2025-01-01,18.0,3.0
589.0,25,ProductB,2025-01-01,22.0,2.0
2295.0,96,ProductB,2025-03-01,8.0,1.0
3954.0,165,ProductB,2025-06-01,,8.0
886.0,37,ProductB,2025-10-01,37.0,6.0
4258.0,178,ProductA,2025-10-01,115.0,17.0
4363.0,182,ProductB,2025-07-01,16.0,3.0
4026.0,168,ProductB,2025-06-01,46.0,10.0
4482.0,187,ProductB,,38.0,6.0
663.0,28,ProductB,,21.0,2.0
4198.0,175,ProductB,2025-10-01,45.0,9.0
4121.0,172,ProductB,2025-05-01,20.0,2.0
327.0,14,ProductB,2025-03-01,10.0,1.0
,9,ProductA,2025-01-01,14.0,1.0
3008.0,126,ProductA,2025-08-01,121.0,19.0
2567.0,107,ProductB,2025-11-01,,39.0
1167.0,49,ProductB,03/01/2025,13.0,1.0
,131,ProductA,,3.0,0.0
4340.0,181,ProductB,2025-08-01,38.0,8.0
2967.0,124,ProductB,2025-03-01,4.0,0.0
718.0,30,ProductB,2025-10-01,1.0,0.0
4477.0,187,ProductB,2025-01-01,27.0,4.0
3534.0,148,ProductA,2025-06-01,8.0,1.0
2604.0,109,ProductA,2025-12-01,37.0,
4751.0,198,ProductB,2025-11-01,26.0,4.0
2297.0,96,ProductB,05/01/2025,4.0,
1324.0,56,ProductA,2025-04-01,49.0,9.0
2694.0,113,ProductA,2025-06-01,27.0,5.0
3655.0,153,ProductA,2025-07-01,32.0,6.0
9.0,1,ProductA,2025-09-01,,11.0
,11,ProductA,2025-04-01,22.0,4.0
2750.0,115,,2025-02-01,11.0,1.0
2128.0,89,ProductB,2025-04-01,9.0,1.0
3025.0,127,ProductA,2025-01-01,,2.0
,159,ProductB,2025-07-01,14.0,2.0
4007.0,167,ProductB,11/01/2025,70.0,8.0
4761.0,199,,2025-09-01,46.0,7.0
4245.0,177,ProductB,2025-09-01,54.0,11.0
2875.0,120,ProductB,2025-07-01,44.0,9.0
1042.0,44,ProductA,10/01/2025,,
3772.0,158,ProductA,2025-04-01,36.0,4.0
4131.0,173,ProductA,2025-03-01,18.0,3.0
4643.0,194,ProductA,2025-11-01,5.0,0.0
2861.0,120,ProductA,2025-05-01,42.0,5.0
4655.0,194,ProductB,2025-11-01,2.0,0.0
4626.0,193,ProductB,2025-06-01,26.0,4.0
3458.0,145,ProductA,2025-02-01,24.0,2.0
388.0,17,ProductA,2025-04-01,14.0,3.0
393.0,17,ProductA,2025-09-01,8.0,1.0
4057.0,170,ProductA,2025-01-01,17.0,
1914.0,80,ProductB,2025-06-01,0.0,0.0
889.0,38,ProductA,01/01/2025,5.0,0.0
532.0,23,ProductA,2025-04-01,,6.0
4313.0,180,ProductB,2025-05-01,49.0,12.0
1114.0,47,ProductA,2025-10-01,48.0,9.0
776.0,33,ProductA,2025-08-01,58.0,11.0
3664.0,153,ProductB,04/01/2025,16.0,3.0
3272.0,137,ProductA,2025-08-01,23.0,3.0
4726.0,197,ProductB,2025-10-01,20.0,4.0
3245.0,136,ProductA,2025-05-01,47.0,4.0
3842.0,161,ProductA,2025-02-01,18.0,2.0
,166,ProductB,2025-05-01,19.0,
2365.0,99,ProductB,2025-01-01,25.0,3.0
1366.0,57,ProductB,2025-10-01,10.0,2.0
1767.0,74,ProductB,2025-03-01,41.0,9.0
1357.0,57,ProductB,2025-01-01,13.0,1.0
3064.0,128,ProductB,2025-04-01,17.0,3.0
3353.0,140,ProductB,05/01/2025,16.0,1.0
3141.0,131,ProductB,2025-09-01,0.0,0.0
1671.0,70,ProductB,03/01/2025,23.0,3.0
1197.0,50,ProductB,2025-09-01,9.0,1.0
1251.0,53,ProductA,03/01/2025,,3.0
4514.0,189,ProductA,02/01/2025,16.0,3.0
1980.0,83,ProductA,2025-12-01,40.0,8.0
919.0,39,ProductA,07/01/2025,5.0,0.0
3770.0,158,ProductA,2025-02-01,30.0,4.0
3349.0,140,ProductB,2025-01-01,9.0,1.0
4012.0,168,ProductA,2025-04-01,51.0,10.0
2704.0,113,ProductB,2025-04-01,16.0,1.0
23.0,1,ProductB,2025-11-01,169.0,30.0
3468.0,145,ProductA,,23.0,4.0
2848.0,119,ProductB,2025-04-01,40.0,4.0
4794.0,200,ProductB,2025-06-01,,
2148.0,90,ProductA,2025-12-01,24.0,5.0
1105.0,47,ProductA,2025-01-01,20.0,4.0
377.0,16,ProductB,2025-05-01,13.0,1.0
2140.0,90,ProductA,2025-04-01,26.0,3.0
1485.0,62,ProductB,2025-09-01,42.0,6.0
4636.0,194,ProductA,2025-04-01,0.0,0.0
1321.0,56,ProductA,2025-01-01,38.0,5.0
2526.0,106,ProductA,2025-06-01,47.0,7.0
992.0,42,ProductA,2025-08-01,26.0,4.0
3505.0,147,,2025-01-01,13.0,2.0
3631.0,152,ProductA,2025-07-01,5.0,0.0
1302.0,55,,2025-06-01,74.0,17.0
1279.0,54,ProductA,2025-07-01,36.0,4.0
801.0,34,ProductA,,18.0,3.0
3899.0,163,ProductA,2025-11-01,40.0,8.0
3692.0,154,ProductB,2025-08-01,38.0,6.0
566.0,24,ProductB,2025-02-01,13.0,2.0
1838.0,77,ProductB,2025-02-01,29.0,4.0
2309.0,97,ProductA,2025-05-01,36.0,5.0
3332.0,139,,2025-08-01,27.0,6.0
2269.0,95,ProductB,2025-01-01,15.0,3.0
3242.0,136,ProductA,2025-02-01,47.0,10.0
215.0,9,ProductB,2025-11-01,35.0,3.0
4024.0,168,ProductB,2025-04-01,37.0,3.0
2263.0,95,ProductA,2025-07-01,19.0,4.0
4580.0,191,ProductB,2025-08-01,29.0,5.0
3366.0,141,ProductA,2025-06-01,27.0,3.0
3812.0,159,ProductB,2025-08-01,16.0,3.0
4125.0,172,ProductB,2025-09-01,34.0,4.0
3056.0,128,ProductA,2025-08-01,10.0,1.0
512.0,22,ProductA,2025-08-01,35.0,5.0
1341.0,56,ProductB,2025-09-01,66.0,13.0
285.0,12,ProductB,2025-09-01,21.0,3.0
3669.0,153,ProductB,2025-09-01,21.0,2.0
1393.0,59,ProductA,2025-01-01,25.0,4.0
2363.0,99,ProductA,2025-11-01,44.0,9.0
655.0,28,ProductA,07/01/2025,32.0,4.0
3660.0,153,ProductA,2025-12-01,50.0,8.0
3335.0,139,ProductB,11/01/2025,26.0,5.0
205.0,9,ProductB,2025-01-01,21.0,4.0
1647.0,69,ProductB,2025-03-01,20.0,2.0
2867.0,120,ProductA,2025-11-01,46.0,4.0
4712.0,197,,2025-08-01,36.0,3.0
2125.0,89,ProductB,2025-01-01,18.0,2.0
1849.0,78,ProductA,2025-01-01,20.0,2.0
42.0,2,ProductB,2025-06-01,36.0,7.0
4522.0,189,ProductA,10/01/2025,5.0,0.0
2395.0,100,ProductB,,27.0,4.0
4396.0,184,ProductA,2025-04-01,48.0,7.0
3228.0,135,ProductA,2025-12-01,12.0,2.0
2655.0,111,ProductB,2025-03-01,4.0,0.0
3968.0,166,ProductA,2025-08-01,18.0,2.0
2355.0,99,ProductA,2025-03-01,33.0,6.0
3279.0,137,ProductB,2025-03-01,24.0,5.0
4460.0,186,ProductB,2025-08-01,24.0,3.0
2326.0,97,ProductB,2025-10-01,22.0,4.0
3557.0,149,ProductA,2025-05-01,45.0,8.0
4358.0,182,ProductB,2025-02-01,,2.0
875.0,37,ProductA,2025-11-01,57.0,9.0
3026.0,127,ProductA,2025-02-01,12.0,2.0
1013.0,43,ProductA,2025-05-01,18.0,3.0
3229.0,135,ProductB,01/01/2025,20.0,3.0
3115.0,130,ProductB,2025-07-01,29.0,6.0
77.0,4,ProductA,2025-05-01,64.0,10.0
2775.0,116,ProductB,2025-03-01,30.0,5.0
3835.0,160,ProductB,2025-07-01,44.0,7.0
2561.0,107,ProductB,2025-05-01,92.0,22.0
883.0,37,ProductB,2025-07-01,21.0,2.0
3079.0,129,ProductA,2025-07-01,32.0,5.0
2863.0,120,ProductA,2025-07-01,41.0,6.0
23.0,1,ProductB,2025-11-01,169.0,30.0
4731.0,198,ProductA,2025-03-01,31.0,7.0
2491.0,104,ProductB,2025-07-01,0.0,0.0
3075.0,129,ProductA,2025-03-01,23.0,5.0
745.0,32,ProductA,2025-01-01,40.0,5.0
1068.0,45,ProductA,2025-12-01,16.0,2.0
1103.0,46,ProductB,2025-11-01,12.0,1.0
3357.0,140,ProductB,09/01/2025,16.0,1.0
,54,ProductA,2025-12-01,40.0,6.0
4270.0,178,ProductB,2025-10-01,90.0,10.0
1327.0,56,ProductA,2025-07-01,61.0,7.0
1089.0,46,ProductA,2025-09-01,21.0,2.0
4696.0,196,ProductB,04/01/2025,29.0,5.0
4063.0,170,ProductA,2025-07-01,20.0,4.0
1895.0,79,ProductB,2025-11-01,29.0,6.0
3325.0,139,ProductB,2025-01-01,26.0,4.0
1303.0,55,ProductA,2025-07-01,81.0,13.0
3354.0,140,ProductB,2025-06-01,17.0,1.0
2598.0,109,ProductA,2025-06-01,38.0,7.0
3094.0,129,ProductB,2025-10-01,32.0,6.0
4692.0,196,ProductA,2025-12-01,39.0,7.0
3981.0,166,ProductB,2025-09-01,32.0,4.0
369.0,16,ProductA,2025-09-01,28.0,6.0
4524.0,189,ProductA,2025-12-01,8.0,1.0
3322.0,139,ProductA,2025-10-01,53.0,6.0
3837.0,160,ProductB,2025-09-01,42.0,7.0
3465.0,145,ProductA,,21.0,3.0
3991.0,167,ProductA,2025-07-01,37.0,6.0
4784.0,200,ProductA,2025-08-01,21.0,2.0
1710.0,72,ProductA,2025-06-01,109.0,17.0
,7,ProductA,2025-04-01,24.0,3.0
1267.0,53,ProductB,2025-07-01,12.0,2.0
4101.0,171,ProductB,2025-09-01,11.0,1.0
3637.0,152,ProductB,2025-01-01,,5.0
3530.0,148,ProductA,2025-02-01,6.0,1.0
212.0,9,ProductB,2025-08-01,32.0,7.0
3518.0,147,ProductB,,17.0,3.0
4134.0,173,ProductA,2025-06-01,24.0,4.0
2123.0,89,ProductA,2025-11-01,29.0,5.0
349.0,15,ProductB,2025-01-01,9.0,1.0
2815.0,118,ProductA,2025-07-01,24.0,5.0
3502.0,146,ProductB,2025-10-01,38.0,3.0
3364.0,141,ProductA,2025-04-01,23.0,3.0
1195.0,50,ProductB,2025-07-01,4.0,0.0
2364.0,99,ProductA,2025-12-01,40.0,6.0
1674.0,70,ProductB,2025-06-01,19.0,4.0
2670.0,112,ProductA,2025-06-01,43.0,8.0
3490.0,146,ProductA,10/01/2025,,7.0
2462.0,103,ProductB,02/01/2025,24.0,3.0
2791.0,117,ProductA,2025-07-01,38.0,8.0
3433.0,144,ProductA,2025-01-01,32.0,5.0
1067.0,45,ProductA,2025-11-01,17.0,2.0
2264.0,95,ProductA,2025-08-01,16.0,2.0
3095.0,129,ProductB,2025-11-01,38.0,7.0
2601.0,109,ProductA,2025-09-01,39.0,4.0
1177.0,50,ProductA,01/01/2025,,1.0
333.0,14,ProductB,2025-09-01,,1.0
1217.0,51,ProductB,2025-05-01,34.0,5.0
4317.0,180,ProductB,,66.0,6.0
2549.0,107,ProductA,2025-05-01,65.0,8.0
4314.0,180,ProductB,2025-06-01,57.0,7.0
4698.0,196,ProductB,,32.0,7.0
491.0,21,ProductA,2025-11-01,28.0,5.0
1963.0,82,ProductB,2025-07-01,40.0,8.0
1229.0,52,ProductA,2025-05-01,24.0,4.0
812.0,34,,2025-08-01,23.0,4.0
1658.0,70,ProductA,2025-02-01,16.0,3.0
3174.0,133,ProductA,,26.0,5.0
3244.0,136,ProductA,2025-04-01,48.0,6.0
2092.0,88,ProductA,2025-04-01,,7.0
1766.0,74,ProductB,2025-02-01,36.0,7.0
4716.0,197,ProductA,2025-12-01,34.0,6.0
555.0,24,ProductA,,15.0,2.0
1349.0,57,ProductA,05/01/2025,18.0,4.0
1289.0,54,ProductB,2025-05-01,38.0,9.0
1896.0,79,ProductB,2025-12-01,28.0,5.0
4653.0,194,ProductB,2025-09-01,3.0,0.0
,179,ProductB,10/01/2025,17.0,3.0
423.0,18,ProductB,2025-03-01,31.0,6.0
4352.0,182,ProductA,2025-08-01,14.0,1.0
465.0,20,ProductA,2025-09-01,22.0,4.0
,178,ProductB,02/01/2025,28.0,4.0
1835.0,77,ProductA,2025-11-01,51.0,9.0
2010.0,84,ProductB,2025-06-01,8.0,1.0
255.0,11,ProductB,2025-03-01,11.0,2.0
2406.0,101,ProductA,2025-06-01,,3.0
3560.0,149,ProductA,08/01/2025,43.0,6.0
990.0,42,ProductA,2025-06-01,27.0,4.0
436.0,19,ProductA,2025-04-01,20.0,3.0
2474.0,104,ProductA,2025-02-01,17.0,3.0
4683.0,196,ProductA,2025-03-01,22.0,3.0
3753.0,157,ProductA,09/01/2025,47.0,9.0
4444.0,186,ProductA,2025-04-01,21.0,3.0
2454.0,103,ProductA,2025-06-01,22.0,4.0
,112,ProductA,2025-03-01,29.0,3.0
1550.0,65,ProductB,2025-02-01,36.0,3.0
4790.0,200,ProductB,2025-02-01,11.0,2.0
2581.0,108,ProductB,2025-01-01,16.0,3.0
4109.0,172,ProductA,2025-05-01,13.0,2.0
3902.0,163,ProductB,2025-02-01,34.0,6.0
4529.0,189,ProductB,2025-05-01,7.0,1.0
288.0,12,ProductB,2025-12-01,26.0,5.0
1913.0,80,ProductB,2025-05-01,0.0,0.0
4344.0,181,ProductB,2025-12-01,60.0,12.0
3623.0,151,ProductB,2025-11-01,29.0,4.0
1020.0,43,ProductA,2025-12-01,21.0,5.0
4354.0,182,ProductA,2025-10-01,14.0,3.0
52.0,3,ProductA,04/01/2025,26.0,6.0
1286.0,54,ProductB,2025-02-01,35.0,3.0
975.0,41,ProductB,2025-03-01,39.0,4.0
1471.0,62,ProductA,2025-07-01,28.0,4.0
4244.0,177,ProductB,2025-08-01,51.0,6.0
859.0,36,ProductB,2025-07-01,21.0,5.0
641.0,27,ProductB,2025-05-01,0.0,0.0
2525.0,106,ProductA,2025-05-01,49.0,9.0
2208.0,92,ProductB,2025-12-01,74.0,14.0
318.0,14,ProductA,2025-06-01,0.0,0.0
264.0,11,ProductB,,29.0,2.0
717.0,30,ProductB,2025-09-01,10.0,2.0
3591.0,150,ProductB,2025-03-01,27.0,2.0
3494.0,146,ProductB,2025-02-01,34.0,8.0
3830.0,160,ProductB,2025-02-01,37.0,7.0
1241.0,52,ProductB,2025-05-01,28.0,5.0
3225.0,135,ProductA,2025-09-01,18.0,2.0
4041.0,169,ProductA,2025-09-01,23.0,3.0
3575.0,149,ProductB,2025-11-01,49.0,9.0
4426.0,185,ProductA,2025-10-01,58.0,10.0
2592.0,108,ProductB,2025-12-01,67.0,11.0
4210.0,176,ProductA,2025-10-01,63.0,
2294.0,96,ProductB,2025-02-01,8.0,1.0
4192.0,175,ProductB,2025-04-01,23.0,4.0
2090.0,88,ProductA,2025-02-01,26.0,5.0
1546.0,65,ProductA,2025-10-01,58.0,11.0
2436.0,102,ProductA,2025-12-01,35.0,4.0
7.0,1,ProductA,2025-07-01,70.0,16.0
3976.0,166,ProductB,2025-04-01,27.0,
2803.0,117,ProductB,07/01/2025,28.0,6.0
2678.0,112,ProductB,2025-02-01,19.0,3.0
884.0,37,ProductB,2025-08-01,24.0,3.0
2151.0,90,ProductB,,29.0,6.0
3172.0,133,ProductA,2025-04-01,13.0,1.0
4315.0,180,ProductB,2025-07-01,62.0,12.0
1903.0,80,ProductA,2025-07-01,0.0,0.0
3064.0,128,ProductB,2025-04-01,17.0,3.0
544.0,23,ProductB,2025-04-01,25.0,5.0
2959.0,124,ProductA,,21.0,4.0
2754.0,115,ProductB,2025-06-01,18.0,4.0
1083.0,46,,2025-03-01,6.0,
2576.0,108,ProductA,2025-08-01,51.0,11.0
2127.0,89,ProductB,2025-03-01,12.0,2.0
2663.0,111,,2025-11-01,20.0,4.0
496.0,21,ProductB,2025-04-01,27.0,4.0
985.0,42,ProductA,2025-01-01,23.0,3.0
1561.0,66,ProductA,01/01/2025,39.0,7.0
3944.0,165,ProductA,2025-08-01,37.0,8.0
3928.0,164,ProductB,2025-04-01,14.0,2.0
731.0,31,ProductA,2025-11-01,12.0,2.0
247.0,11,ProductA,2025-07-01,29.0,5.0
1175.0,49,ProductB,2025-11-01,,1.0
3896.0,163,ProductA,2025-08-01,41.0,6.0
713.0,30,ProductB,2025-05-01,17.0,2.0
660.0,28,ProductA,2025-12-01,,3.0
2722.0,114,ProductA,2025-10-01,203.0,40.0
3741.0,156,ProductB,2025-09-01,16.0,2.0
1530.0,64,ProductB,2025-06-01,18.0,
243.0,11,ProductA,2025-03-01,22.0,4.0
203.0,9,ProductA,,14.0,1.0
4136.0,173,ProductA,,29.0,7.0
2011.0,84,ProductB,2025-07-01,0.0,0.0
2371.0,99,ProductB,2025-07-01,57.0,
4219.0,176,ProductB,2025-07-01,33.0,7.0
2957.0,124,ProductA,2025-05-01,17.0,3.0
1182.0,50,ProductA,2025-06-01,0.0,0.0
4642.0,194,ProductA,2025-10-01,4.0,0.0
911.0,38,ProductB,2025-11-01,2.0,0.0
1689.0,71,ProductA,2025-09-01,28.0,5.0
4428.0,185,ProductA,2025-12-01,65.0,
1655.0,69,ProductB,2025-11-01,48.0,9.0
1956.0,82,ProductA,2025-12-01,46.0,8.0
2510.0,105,ProductB,2025-02-01,31.0,5.0
4462.0,186,ProductB,2025-10-01,20.0,4.0
3925.0,164,ProductB,2025-01-01,9.0,1.0
593.0,25,ProductB,05/01/2025,32.0,
101.0,5,ProductA,2025-05-01,17.0,2.0
863.0,36,ProductB,2025-11-01,14.0,
1852.0,78,ProductA,2025-04-01,30.0,5.0
,103,ProductA,2025-07-01,19.0,4.0
1962.0,82,ProductB,2025-06-01,30.0,3.0
1437.0,60,,2025-09-01,69.0,11.0
19.0,1,ProductB,2025-07-01,90.0,19.0
2366.0,99,ProductB,2025-02-01,32.0,6.0
3543.0,148,,2025-03-01,14.0,1.0
726.0,31,ProductA,2025-06-01,14.0,1.0
139.0,6,,2025-07-01,42.0,6.0
2739.0,115,ProductA,03/01/2025,19.0,4.0
2434.0,102,ProductA,2025-10-01,,4.0
153.0,7,ProductA,2025-09-01,53.0,6.0
638.0,27,ProductB,2025-02-01,,1.0
2789.0,117,ProductA,2025-05-01,34.0,3.0
810.0,34,ProductB,2025-06-01,17.0,4.0
2401.0,101,ProductA,2025-01-01,7.0,1.0
2120.0,89,ProductA,2025-08-01,30.0,5.0
3023.0,126,ProductB,2025-11-01,108.0,21.0
2418.0,101,ProductB,2025-06-01,3.0,0.0
3036.0,127,ProductA,2025-12-01,15.0,2.0
4680.0,195,ProductB,2025-12-01,89.0,16.0
2577.0,108,ProductA,2025-09-01,57.0,11.0
1257.0,53,ProductA,2025-09-01,30.0,5.0
3517.0,147,ProductB,2025-01-01,14.0,2.0
603.0,26,ProductA,2025-03-01,23.0,4.0
588.0,25,ProductA,2025-12-01,58.0,5.0
3292.0,138,ProductA,04/01/2025,15.0,2.0
,68,ProductA,2025-06-01,62.0,11.0
4273.0,179,ProductA,2025-01-01,22.0,4.0
3177.0,133,,2025-09-01,25.0,6.0
3273.0,137,ProductA,09/01/2025,24.0,4.0
4328.0,181,ProductA,2025-08-01,34.0,8.0
3383.0,141,ProductB,2025-11-01,38.0,3.0
4190.0,175,ProductB,2025-02-01,19.0,
3765.0,157,ProductB,2025-09-01,28.0,4.0
4371.0,183,ProductA,2025-03-01,24.0,2.0
45.0,2,ProductB,2025-09-01,49.0,
1654.0,69,ProductB,2025-10-01,36.0,6.0
3989.0,167,ProductA,2025-05-01,36.0,4.0
4775.0,199,ProductB,2025-11-01,33.0,
4635.0,194,ProductA,03/01/2025,0.0,0.0
47.0,2,ProductB,2025-11-01,60.0,7.0
1866.0,78,ProductB,2025-06-01,36.0,6.0
1591.0,67,ProductA,2025-07-01,38.0,4.0
1063.0,45,ProductA,2025-07-01,9.0,1.0
2583.0,108,ProductB,2025-03-01,28.0,3.0
4479.0,187,ProductB,2025-03-01,29.0,4.0
2998.0,125,ProductB,2025-10-01,84.0,
457.0,20,ProductA,2025-01-01,15.0,2.0
3472.0,145,ProductB,2025-04-01,37.0,7.0
2407.0,101,ProductA,2025-07-01,23.0,4.0
21.0,1,ProductB,09/01/2025,127.0,24.0
3675.0,154,,03/01/2025,,5.0
35.0,2,ProductA,,63.0,10.0
4025.0,168,ProductB,2025-05-01,45.0,9.0
1232.0,52,ProductA,2025-08-01,29.0,6.0
4567.0,191,ProductA,2025-07-01,22.0,
2430.0,102,ProductA,2025-06-01,17.0,3.0
2621.0,110,ProductA,2025-05-01,26.0,3.0
2032.0,85,ProductB,04/01/2025,10.0,2.0
757.0,32,ProductB,2025-01-01,,13.0
3215.0,134,ProductB,11/01/2025,,8.0
4742.0,198,ProductB,2025-02-01,16.0,1.0
1015.0,43,,2025-07-01,21.0,4.0
1396.0,59,ProductA,2025-04-01,28.0,3.0
1672.0,70,ProductB,,25.0,2.0
1252.0,53,,2025-04-01,21.0,2.0
4641.0,194,ProductA,2025-09-01,8.0,1.0
,144,ProductB,2025-01-01,26.0,5.0
2225.0,93,ProductB,2025-05-01,,4.0
2853.0,119,ProductB,2025-09-01,36.0,5.0
4165.0,174,ProductB,2025-01-01,29.0,4.0
4235.0,177,ProductA,11/01/2025,48.0,5.0
587.0,25,ProductA,2025-11-01,54.0,12.0
,127,ProductA,09/01/2025,20.0,4.0
1578.0,66,ProductB,2025-06-01,45.0,11.0
1157.0,49,ProductA,05/01/2025,30.0,4.0
2314.0,97,ProductA,2025-10-01,36.0,6.0
370.0,16,ProductA,10/01/2025,25.0,5.0
2585.0,108,ProductB,2025-05-01,32.0,5.0
3461.0,145,ProductA,2025-05-01,28.0,5.0
2445.0,102,ProductB,2025-09-01,18.0,1.0
983.0,41,ProductB,2025-11-01,61.0,9.0
4274.0,179,ProductA,2025-02-01,21.0,5.0
1035.0,44,ProductA,2025-03-01,11.0,1.0
2884.0,121,ProductA,2025-04-01,38.0,9.0
1122.0,47,ProductB,2025-06-01,46.0,7.0
4335.0,181,ProductB,2025-03-01,26.0,3.0
141.0,6,ProductB,,45.0,10.0
1699.0,71,ProductB,2025-07-01,37.0,5.0
2313.0,97,ProductA,2025-09-01,33.0,6.0
346.0,15,ProductA,2025-10-01,8.0,1.0
,187,ProductB,2025-09-01,30.0,7.0
4286.0,179,ProductB,2025-02-01,14.0,2.0
2482.0,104,ProductA,2025-10-01,21.0,2.0
524.0,22,ProductB,08/01/2025,18.0,3.0
4151.0,173,ProductB,2025-11-01,49.0,10.0
4719.0,197,ProductB,2025-03-01,16.0,3.0
1758.0,74,ProductA,2025-06-01,49.0,5.0
4402.0,184,ProductA,2025-10-01,103.0,11.0
2162.0,91,ProductA,2025-02-01,22.0,3.0
3814.0,159,ProductB,2025-10-01,13.0,3.0
4772.0,199,ProductB,2025-08-01,25.0,3.0
1621.0,68,ProductB,2025-01-01,31.0,7.0
1949.0,82,ProductA,2025-05-01,30.0,6.0
2023.0,85,ProductA,07/01/2025,20.0,2.0
1459.0,61,ProductB,,,3.0
4435.0,185,ProductB,2025-07-01,34.0,7.0
2045.0,86,ProductA,2025-05-01,32.0,5.0
4734.0,198,ProductA,2025-06-01,31.0,7.0
4214.0,176,ProductB,2025-02-01,27.0,4.0
2035.0,85,ProductB,2025-07-01,4.0,0.0
3676.0,154,ProductA,2025-04-01,,5.0
132.0,6,ProductA,2025-12-01,38.0,6.0
1447.0,61,,,18.0,2.0
4000.0,167,ProductB,2025-04-01,51.0,7.0
3388.0,142,ProductA,2025-04-01,33.0,4.0
1800.0,75,ProductB,12/01/2025,2.0,0.0
2005.0,84,ProductB,2025-01-01,20.0,3.0
4492.0,188,ProductA,2025-04-01,21.0,4.0
237.0,10,ProductB,2025-09-01,46.0,10.0
766.0,32,ProductB,2025-10-01,111.0,15.0
2640.0,110,ProductB,2025-12-01,21.0,4.0
4509.0,188,ProductB,2025-09-01,19.0,3.0
504.0,21,ProductB,2025-12-01,49.0,10.0
514.0,22,ProductA,2025-10-01,56.0,9.0
2195.0,92,ProductA,2025-11-01,55.0,8.0
1306.0,55,ProductA,2025-10-01,100.0,
806.0,34,ProductB,,16.0,3.0
3678.0,154,ProductA,2025-06-01,31.0,6.0
1622.0,68,,,34.0,6.0
3176.0,133,ProductA,2025-08-01,27.0,4.0
158.0,7,ProductB,,27.0,5.0
1836.0,77,ProductA,2025-12-01,55.0,12.0
3698.0,155,ProductA,2025-02-01,31.0,7.0
1083.0,46,,2025-03-01,6.0,
1855.0,78,ProductA,2025-07-01,,7.0
2816.0,118,ProductA,2025-08-01,28.0,6.0
580.0,25,ProductA,2025-04-01,37.0,4.0
405.0,17,,2025-09-01,29.0,5.0
522.0,22,ProductB,2025-06-01,25.0,5.0
219.0,10,ProductA,2025-03-01,25.0,3.0
2735.0,114,ProductB,2025-11-01,189.0,19.0
4422.0,185,ProductA,2025-06-01,34.0,8.0
2826.0,118,ProductB,2025-06-01,14.0,1.0
3420.0,143,ProductA,2025-12-01,16.0,2.0
4703.0,196,ProductB,2025-11-01,24.0,3.0
2767.0,116,ProductA,2025-07-01,27.0,5.0
1722.0,72,ProductB,2025-06-01,90.0,10.0
3039.0,127,ProductB,,,1.0
1738.0,73,,2025-10-01,9.0,0.0
1512.0,63,ProductB,12/01/2025,13.0,1.0
928.0,39,ProductB,2025-04-01,16.0,1.0
2584.0,108,ProductB,2025-04-01,32.0,6.0
1016.0,43,ProductA,2025-08-01,21.0,4.0
1939.0,81,,2025-07-01,32.0,4.0
3324.0,139,ProductA,2025-12-01,51.0,9.0
3484.0,146,ProductA,2025-04-01,46.0,7.0
4629.0,193,,2025-09-01,,3.0
2191.0,92,ProductA,2025-07-01,35.0,6.0
,154,ProductB,2025-09-01,40.0,8.0
4640.0,194,ProductA,,5.0,1.0
3512.0,147,ProductA,2025-08-01,9.0,1.0
,85,ProductA,2025-10-01,28.0,4.0
4633.0,194,ProductA,2025-01-01,7.0,1.0
2618.0,110,ProductA,2025-02-01,,2.0
1248.0,52,ProductB,2025-12-01,29.0,6.0
3318.0,139,ProductA,2025-06-01,51.0,6.0
1917.0,80,ProductB,2025-09-01,2.0,0.0
1533.0,64,ProductB,2025-09-01,31.0,6.0
1192.0,50,ProductB,2025-04-01,5.0,0.0
1225.0,52,ProductA,2025-01-01,16.0,3.0
4131.0,173,ProductA,2025-03-01,18.0,3.0
1354.0,57,ProductA,2025-10-01,25.0,4.0
4267.0,178,ProductB,07/01/2025,56.0,8.0
1410.0,59,ProductB,2025-06-01,39.0,9.0
4646.0,194,ProductB,2025-02-01,4.0,0.0
3261.0,136,ProductB,2025-09-01,86.0,17.0
4665.0,195,ProductA,,,6.0
3889.0,163,ProductA,2025-01-01,35.0,6.0
1145.0,48,ProductB,2025-05-01,45.0,7.0
2509.0,105,ProductB,2025-01-01,28.0,3.0
460.0,20,ProductA,2025-04-01,23.0,2.0
1308.0,55,ProductA,2025-12-01,130.0,15.0
1797.0,75,,2025-09-01,1.0,0.0
86.0,4,ProductB,02/01/2025,37.0,7.0
2939.0,123,ProductA,2025-11-01,52.0,8.0
974.0,41,ProductB,2025-02-01,31.0,4.0
4505.0,188,ProductB,2025-05-01,28.0,5.0
1185.0,50,ProductA,2025-09-01,3.0,0.0
2129.0,89,ProductB,2025-05-01,8.0,0.0
808.0,34,ProductB,2025-04-01,19.0,3.0
1210.0,51,ProductA,2025-10-01,25.0,6.0
3833.0,160,ProductB,2025-05-01,43.0,7.0
1287.0,54,ProductB,2025-03-01,31.0,5.0
4027.0,168,ProductB,2025-07-01,45.0,4.0
2571.0,108,,2025-03-01,46.0,7.0
2099.0,88,ProductA,2025-11-01,28.0,3.0
4656.0,194,ProductB,2025-12-01,2.0,0.0
142.0,6,ProductB,2025-10-01,46.0,4.0
4706.0,197,ProductA,2025-02-01,16.0,
478.0,20,,2025-10-01,0.0,0.0
605.0,26,ProductA,2025-05-01,21.0,4.0
1495.0,63,ProductA,2025-07-01,3.0,0.0
,126,ProductB,2025-05-01,62.0,14.0
2329.0,98,ProductA,2025-01-01,28.0,5.0
1811.0,76,ProductA,2025-11-01,31.0,7.0
1568.0,66,,2025-08-01,62.0,12.0
1656.0,69,ProductB,2025-12-01,45.0,5.0
1732.0,73,ProductA,2025-04-01,10.0,1.0
1041.0,44,ProductA,2025-09-01,27.0,4.0
3806.0,159,ProductB,2025-02-01,15.0,3.0
4542.0,190,ProductA,2025-06-01,4.0,0.0
1317.0,55,ProductB,2025-09-01,108.0,14.0
3161.0,132,ProductB,2025-05-01,14.0,3.0
743.0,31,ProductB,2025-11-01,28.0,6.0
2911.0,122,ProductA,2025-07-01,5.0,0.0
3665.0,153,ProductB,2025-05-01,16.0,3.0
1911.0,80,ProductB,2025-03-01,0.0,
,77,ProductB,2025-05-01,32.0,5.0
2945.0,123,ProductB,2025-05-01,,3.0
2138.0,90,ProductA,2025-02-01,34.0,3.0
1159.0,49,ProductA,2025-07-01,29.0,5.0
3746.0,157,ProductA,,36.0,7.0
1111.0,47,ProductA,2025-07-01,27.0,
2426.0,102,ProductA,2025-02-01,19.0,2.0
2850.0,119,ProductB,2025-06-01,35.0,7.0
661.0,28,ProductB,01/01/2025,25.0,3.0
896.0,38,ProductA,2025-08-01,8.0,1.0
,157,ProductA,2025-04-01,45.0,
814.0,34,ProductB,2025-10-01,22.0,2.0
3638.0,152,ProductB,2025-02-01,30.0,
3399.0,142,ProductB,,28.0,3.0
,93,ProductB,11/01/2025,43.0,7.0
2685.0,112,ProductB,2025-09-01,36.0,8.0
2971.0,124,ProductB,,6.0,0.0
2394.0,100,ProductB,,27.0,5.0
1640.0,69,ProductA,,32.0,4.0
3562.0,149,ProductA,2025-10-01,43.0,10.0
4506.0,188,,,26.0,4.0
84.0,4,ProductA,2025-12-01,81.0,17.0
,67,ProductA,2025-04-01,28.0,5.0
,123,ProductB,2025-04-01,18.0,3.0
260.0,11,ProductB,2025-08-01,20.0,3.0
3724.0,156,ProductA,2025-04-01,16.0,3.0
769.0,33,ProductA,2025-01-01,33.0,6.0
2284.0,96,ProductA,,0.0,0.0
3875.0,162,ProductA,,61.0,9.0
1070.0,45,ProductB,2025-02-01,,2.0
1769.0,74,ProductB,2025-05-01,44.0,8.0
,30,ProductA,2025-09-01,13.0,2.0
1494.0,63,ProductA,2025-06-01,6.0,
2145.0,90,ProductA,2025-09-01,17.0,3.0
3894.0,163,ProductA,2025-06-01,35.0,5.0
4552.0,190,ProductB,04/01/2025,14.0,1.0
1842.0,77,ProductB,2025-06-01,26.0,4.0
2429.0,102,ProductA,2025-05-01,,2.0
1427.0,60,ProductA,2025-11-01,76.0,
,129,ProductB,2025-06-01,33.0,4.0
3969.0,166,ProductA,2025-09-01,20.0,4.0
2826.0,118,ProductB,2025-06-01,14.0,1.0
1318.0,55,,2025-10-01,109.0,11.0
1726.0,72,ProductB,2025-10-01,139.0,29.0
2283.0,96,ProductA,2025-03-01,0.0,0.0
4036.0,169,ProductA,,19.0,3.0
1145.0,48,ProductB,2025-05-01,45.0,7.0
4707.0,197,ProductA,03/01/2025,22.0,4.0
1148.0,48,,,48.0,8.0
3249.0,136,ProductA,2025-09-01,59.0,9.0
199.0,9,ProductA,2025-07-01,21.0,3.0
4445.0,186,ProductA,05/01/2025,24.0,5.0
2376.0,99,ProductB,2025-12-01,63.0,
3394.0,142,ProductA,10/01/2025,57.0,
4602.0,192,ProductB,2025-06-01,70.0,14.0
